"id","content","data"
184618,"{""tipoRegistro"":""10"",""codPrograma"":""4100"",""codOrgao"":""07"",""codUnidade"":""01"",""codFuncao"":""09"",""codSubFuncao"":""122"",""naturezaAcao"":""4"",""nroProjAtiv"":""201"",""elementoDespesa"":""319011"",""subElemento"":""03"",""nroEmpenho"":""000005"",""modalidadeLicitacao"":""00"",""fundamentacaoLegal"":""00"",""justificativaDispensaInexibilidade"":"""",""razaoEscolha"":"""",""nroProcLicitacao"":""00000000"",""anoProcLicitacao"":""0000"",""nroProcAdmCorrespondente"":""00000000000087392025"",""nroInstrumentoContrato"":""000"",""assunto"":""99"",""tpEmpenho"":""01"",""dtEmpenho"":""29012025"",""vlBruto"":""0000030615,22"",""nomeCredor"":""INSTITUTO DE PREVIDENCIA DO SERV  PUB  DE SENADOR"",""tipoCredor"":""2"",""cpfCnpj"":""04927847000177"",""especificacaoEmpenho"":""DESPESA COM FOLHA DE PAGAMENTO - NORMAL - REF.: 01/2025 - Folha Mensal ID:(610)."",""cpfRespEmpenho"":""35575859134"",""nomeRespEmpenho"":""ANA MARIA EMOS FERREIRA"",""idColare"":""000000016236481"",""nroSequencial"":""000001"",""content"":[{""tipoRegistro"":""11"",""codPrograma"":""4100"",""codOrgao"":""07"",""codUnidade"":""01"",""codFuncao"":""09"",""codSubFuncao"":""122"",""naturezaAcao"":""4"",""nroProjAtiv"":""201"",""elementoDespesa"":""319011"",""subElemento"":""03"",""contaDeb"":""311110101"",""contaCred"":""211110101"",""elementoDespesaMSC"":""319011"",""subElementoMSC"":""01"",""nroEmpenho"":""000005"",""codFontRecursos"":""177000"",""codFontRecursosMSC"":""1802"",""poderOrgao"":""10132"",""codAEO"":""nan"",""vlRecurso"":""0000030615,22"",""nroSequencial"":""000002""}],""tipoOrgao"":""09""}",0125
184619,"{""tipoRegistro"":""10"",""codPrograma"":""4100"",""codOrgao"":""07"",""codUnidade"":""01"",""codFuncao"":""09"",""codSubFuncao"":""122"",""naturezaAcao"":""4"",""nroProjAtiv"":""201"",""elementoDespesa"":""319011"",""subElemento"":""03"",""nroEmpenho"":""000006"",""modalidadeLicitacao"":""00"",""fundamentacaoLegal"":""00"",""justificativaDispensaInexibilidade"":"""",""razaoEscolha"":"""",""nroProcLicitacao"":""00000000"",""anoProcLicitacao"":""0000"",""nroProcAdmCorrespondente"":""00000000000087392025"",""nroInstrumentoContrato"":""000"",""assunto"":""99"",""tpEmpenho"":""01"",""dtEmpenho"":""29012025"",""vlBruto"":""0000005007,38"",""nomeCredor"":""INSTITUTO DE PREVIDENCIA DO SERV  PUB  DE SENADOR"",""tipoCredor"":""2"",""cpfCnpj"":""04927847000177"",""especificacaoEmpenho"":""DESPESA COM FOLHA DE PAGAMENTO - NORMAL - REF.: 01/2025 - Folha Mensal ID:(610)."",""cpfRespEmpenho"":""35575859134"",""nomeRespEmpenho"":""ANA MARIA EMOS FERREIRA"",""idColare"":""000000016236481"",""nroSequencial"":""000003"",""content"":[{""tipoRegistro"":""11"",""codPrograma"":""4100"",""codOrgao"":""07"",""codUnidade"":""01"",""codFuncao"":""09"",""codSubFuncao"":""122"",""naturezaAcao"":""4"",""nroProjAtiv"":""201"",""elementoDespesa"":""319011"",""subElemento"":""03"",""contaDeb"":""311110108"",""contaCred"":""211110101"",""elementoDespesaMSC"":""319011"",""subElementoMSC"":""01"",""nroEmpenho"":""000006"",""codFontRecursos"":""177000"",""codFontRecursosMSC"":""1802"",""poderOrgao"":""10132"",""codAEO"":""nan"",""vlRecurso"":""0000005007,38"",""nroSequencial"":""000004""}],""tipoOrgao"":""09""}",0125
184620,"{""tipoRegistro"":""10"",""codPrograma"":""4100"",""codOrgao"":""07"",""codUnidade"":""01"",""codFuncao"":""09"",""codSubFuncao"":""122"",""naturezaAcao"":""4"",""nroProjAtiv"":""201"",""elementoDespesa"":""319011"",""subElemento"":""03"",""nroEmpenho"":""000007"",""modalidadeLicitacao"":""00"",""fundamentacaoLegal"":""00"",""justificativaDispensaInexibilidade"":"""",""razaoEscolha"":"""",""nroProcLicitacao"":""00000000"",""anoProcLicitacao"":""0000"",""nroProcAdmCorrespondente"":""00000000000087392025"",""nroInstrumentoContrato"":""000"",""assunto"":""99"",""tpEmpenho"":""01"",""dtEmpenho"":""29012025"",""vlBruto"":""0000015273,49"",""nomeCredor"":""INSTITUTO DE PREVIDENCIA DO SERV  PUB  DE SENADOR"",""tipoCredor"":""2"",""cpfCnpj"":""04927847000177"",""especificacaoEmpenho"":""DESPESA COM FOLHA DE PAGAMENTO - NORMAL - REF.: 01/2025 - Folha Mensal ID:(610)."",""cpfRespEmpenho"":""35575859134"",""nomeRespEmpenho"":""ANA MARIA EMOS FERREIRA"",""idColare"":""000000016236481"",""nroSequencial"":""000005"",""content"":[{""tipoRegistro"":""11"",""codPrograma"":""4100"",""codOrgao"":""07"",""codUnidade"":""01"",""codFuncao"":""09"",""codSubFuncao"":""122"",""naturezaAcao"":""4"",""nroProjAtiv"":""201"",""elementoDespesa"":""319011"",""subElemento"":""03"",""contaDeb"":""311110114"",""contaCred"":""211110101"",""elementoDespesaMSC"":""319011"",""subElementoMSC"":""31"",""nroEmpenho"":""000007"",""codFontRecursos"":""177000"",""codFontRecursosMSC"":""1802"",""poderOrgao"":""10132"",""codAEO"":""nan"",""vlRecurso"":""0000015273,49"",""nroSequencial"":""000006""}],""tipoOrgao"":""09""}",0125
184621,"{""tipoRegistro"":""10"",""codPrograma"":""4100"",""codOrgao"":""07"",""codUnidade"":""01"",""codFuncao"":""09"",""codSubFuncao"":""122"",""naturezaAcao"":""4"",""nroProjAtiv"":""201"",""elementoDespesa"":""319011"",""subElemento"":""03"",""nroEmpenho"":""000008"",""modalidadeLicitacao"":""00"",""fundamentacaoLegal"":""00"",""justificativaDispensaInexibilidade"":"""",""razaoEscolha"":"""",""nroProcLicitacao"":""00000000"",""anoProcLicitacao"":""0000"",""nroProcAdmCorrespondente"":""00000000000087392025"",""nroInstrumentoContrato"":""000"",""assunto"":""99"",""tpEmpenho"":""01"",""dtEmpenho"":""29012025"",""vlBruto"":""0000005395,31"",""nomeCredor"":""INSTITUTO DE PREVIDENCIA DO SERV  PUB  DE SENADOR"",""tipoCredor"":""2"",""cpfCnpj"":""04927847000177"",""especificacaoEmpenho"":""DESPESA COM FOLHA DE PAGAMENTO - NORMAL - REF.: 01/2025 - Folha Mensal ID:(610)."",""cpfRespEmpenho"":""35575859134"",""nomeRespEmpenho"":""ANA MARIA EMOS FERREIRA"",""idColare"":""000000016236481"",""nroSequencial"":""000007"",""content"":[{""tipoRegistro"":""11"",""codPrograma"":""4100"",""codOrgao"":""07"",""codUnidade"":""01"",""codFuncao"":""09"",""codSubFuncao"":""122"",""naturezaAcao"":""4"",""nroProjAtiv"":""201"",""elementoDespesa"":""319011"",""subElemento"":""03"",""contaDeb"":""311110118"",""contaCred"":""211110101"",""elementoDespesaMSC"":""319011"",""subElementoMSC"":""01"",""nroEmpenho"":""000008"",""codFontRecursos"":""177000"",""codFontRecursosMSC"":""1802"",""poderOrgao"":""10132"",""codAEO"":""nan"",""vlRecurso"":""0000005395,31"",""nroSequencial"":""000008""}],""tipoOrgao"":""09""}",0125
184622,"{""tipoRegistro"":""10"",""codPrograma"":""4100"",""codOrgao"":""07"",""codUnidade"":""01"",""codFuncao"":""09"",""codSubFuncao"":""122"",""naturezaAcao"":""4"",""nroProjAtiv"":""201"",""elementoDespesa"":""319011"",""subElemento"":""03"",""nroEmpenho"":""000009"",""modalidadeLicitacao"":""00"",""fundamentacaoLegal"":""00"",""justificativaDispensaInexibilidade"":"""",""razaoEscolha"":"""",""nroProcLicitacao"":""00000000"",""anoProcLicitacao"":""0000"",""nroProcAdmCorrespondente"":""00000000000087392025"",""nroInstrumentoContrato"":""000"",""assunto"":""99"",""tpEmpenho"":""01"",""dtEmpenho"":""29012025"",""vlBruto"":""0000005322,95"",""nomeCredor"":""INSTITUTO DE PREVIDENCIA DO SERV  PUB  DE SENADOR"",""tipoCredor"":""2"",""cpfCnpj"":""04927847000177"",""especificacaoEmpenho"":""DESPESA COM FOLHA DE PAGAMENTO - NORMAL - REF.: 01/2025 - Folha Mensal ID:(610)."",""cpfRespEmpenho"":""35575859134"",""nomeRespEmpenho"":""ANA MARIA EMOS FERREIRA"",""idColare"":""000000016236481"",""nroSequencial"":""000009"",""content"":[{""tipoRegistro"":""11"",""codPrograma"":""4100"",""codOrgao"":""07"",""codUnidade"":""01"",""codFuncao"":""09"",""codSubFuncao"":""122"",""naturezaAcao"":""4"",""nroProjAtiv"":""201"",""elementoDespesa"":""319011"",""subElemento"":""03"",""contaDeb"":""311110104"",""contaCred"":""211110101"",""elementoDespesaMSC"":""319011"",""subElementoMSC"":""07"",""nroEmpenho"":""000009"",""codFontRecursos"":""177000"",""codFontRecursosMSC"":""1802"",""poderOrgao"":""10132"",""codAEO"":""nan"",""vlRecurso"":""0000005322,95"",""nroSequencial"":""000010""}],""tipoOrgao"":""09""}",0125
184623,"{""tipoRegistro"":""10"",""codPrograma"":""4100"",""codOrgao"":""07"",""codUnidade"":""01"",""codFuncao"":""09"",""codSubFuncao"":""122"",""naturezaAcao"":""4"",""nroProjAtiv"":""201"",""elementoDespesa"":""319011"",""subElemento"":""03"",""nroEmpenho"":""000010"",""modalidadeLicitacao"":""00"",""fundamentacaoLegal"":""00"",""justificativaDispensaInexibilidade"":"""",""razaoEscolha"":"""",""nroProcLicitacao"":""00000000"",""anoProcLicitacao"":""0000"",""nroProcAdmCorrespondente"":""00000000000087392025"",""nroInstrumentoContrato"":""000"",""assunto"":""99"",""tpEmpenho"":""01"",""dtEmpenho"":""29012025"",""vlBruto"":""0000002900,00"",""nomeCredor"":""INSTITUTO DE PREVIDENCIA DO SERV  PUB  DE SENADOR"",""tipoCredor"":""2"",""cpfCnpj"":""04927847000177"",""especificacaoEmpenho"":""DESPESA COM FOLHA DE PAGAMENTO - NORMAL - REF.: 01/2025 - Folha Mensal ID:(610)."",""cpfRespEmpenho"":""35575859134"",""nomeRespEmpenho"":""ANA MARIA EMOS FERREIRA"",""idColare"":""000000016236481"",""nroSequencial"":""000011"",""content"":[{""tipoRegistro"":""11"",""codPrograma"":""4100"",""codOrgao"":""07"",""codUnidade"":""01"",""codFuncao"":""09"",""codSubFuncao"":""122"",""naturezaAcao"":""4"",""nroProjAtiv"":""201"",""elementoDespesa"":""319011"",""subElemento"":""03"",""contaDeb"":""311110116"",""contaCred"":""211110101"",""elementoDespesaMSC"":""319011"",""subElementoMSC"":""01"",""nroEmpenho"":""000010"",""codFontRecursos"":""177000"",""codFontRecursosMSC"":""1802"",""poderOrgao"":""10132"",""codAEO"":""nan"",""vlRecurso"":""0000002900,00"",""nroSequencial"":""000012""}],""tipoOrgao"":""09""}",0125
184624,"{""tipoRegistro"":""10"",""codPrograma"":""4100"",""codOrgao"":""07"",""codUnidade"":""01"",""codFuncao"":""09"",""codSubFuncao"":""122"",""naturezaAcao"":""4"",""nroProjAtiv"":""201"",""elementoDespesa"":""319011"",""subElemento"":""03"",""nroEmpenho"":""000011"",""modalidadeLicitacao"":""00"",""fundamentacaoLegal"":""00"",""justificativaDispensaInexibilidade"":"""",""razaoEscolha"":"""",""nroProcLicitacao"":""00000000"",""anoProcLicitacao"":""0000"",""nroProcAdmCorrespondente"":""00000000000087392025"",""nroInstrumentoContrato"":""000"",""assunto"":""99"",""tpEmpenho"":""01"",""dtEmpenho"":""29012025"",""vlBruto"":""0000004911,01"",""nomeCredor"":""INSTITUTO DE PREVIDENCIA DO SERV  PUB  DE SENADOR"",""tipoCredor"":""2"",""cpfCnpj"":""04927847000177"",""especificacaoEmpenho"":""DESPESA COM FOLHA DE PAGAMENTO - NORMAL - REF.: 01/2025 - Folha Mensal ID:(610)."",""cpfRespEmpenho"":""35575859134"",""nomeRespEmpenho"":""ANA MARIA EMOS FERREIRA"",""idColare"":""000000016236481"",""nroSequencial"":""000013"",""content"":[{""tipoRegistro"":""11"",""codPrograma"":""4100"",""codOrgao"":""07"",""codUnidade"":""01"",""codFuncao"":""09"",""codSubFuncao"":""122"",""naturezaAcao"":""4"",""nroProjAtiv"":""201"",""elementoDespesa"":""319011"",""subElemento"":""03"",""contaDeb"":""311110124"",""contaCred"":""211110101"",""elementoDespesaMSC"":""319011"",""subElementoMSC"":""45"",""nroEmpenho"":""000011"",""codFontRecursos"":""177000"",""codFontRecursosMSC"":""1802"",""poderOrgao"":""10132"",""codAEO"":""nan"",""vlRecurso"":""0000004911,01"",""nroSequencial"":""000014""}],""tipoOrgao"":""09""}",0125
184625,"{""tipoRegistro"":""10"",""codPrograma"":""4100"",""codOrgao"":""07"",""codUnidade"":""01"",""codFuncao"":""09"",""codSubFuncao"":""122"",""naturezaAcao"":""4"",""nroProjAtiv"":""201"",""elementoDespesa"":""319011"",""subElemento"":""05"",""nroEmpenho"":""000014"",""modalidadeLicitacao"":""00"",""fundamentacaoLegal"":""00"",""justificativaDispensaInexibilidade"":"""",""razaoEscolha"":"""",""nroProcLicitacao"":""00000000"",""anoProcLicitacao"":""0000"",""nroProcAdmCorrespondente"":""00000000000087392025"",""nroInstrumentoContrato"":""000"",""assunto"":""99"",""tpEmpenho"":""01"",""dtEmpenho"":""29012025"",""vlBruto"":""0000048698,11"",""nomeCredor"":""INSTITUTO DE PREVIDENCIA DO SERV  PUB  DE SENADOR"",""tipoCredor"":""2"",""cpfCnpj"":""04927847000177"",""especificacaoEmpenho"":""DESPESA COM FOLHA DE PAGAMENTO - NORMAL - REF.: 01/2025 - Folha Mensal ID:(610)."",""cpfRespEmpenho"":""35575859134"",""nomeRespEmpenho"":""ANA MARIA EMOS FERREIRA"",""idColare"":""000000016236481"",""nroSequencial"":""000015"",""content"":[{""tipoRegistro"":""11"",""codPrograma"":""4100"",""codOrgao"":""07"",""codUnidade"":""01"",""codFuncao"":""09"",""codSubFuncao"":""122"",""naturezaAcao"":""4"",""nroProjAtiv"":""201"",""elementoDespesa"":""319011"",""subElemento"":""05"",""contaDeb"":""311210101"",""contaCred"":""211110101"",""elementoDespesaMSC"":""319011"",""subElementoMSC"":""01"",""nroEmpenho"":""000014"",""codFontRecursos"":""177000"",""codFontRecursosMSC"":""1802"",""poderOrgao"":""10132"",""codAEO"":""nan"",""vlRecurso"":""0000048698,11"",""nroSequencial"":""000016""}],""tipoOrgao"":""09""}",0125
184626,"{""tipoRegistro"":""10"",""codPrograma"":""4100"",""codOrgao"":""07"",""codUnidade"":""01"",""codFuncao"":""09"",""codSubFuncao"":""122"",""naturezaAcao"":""4"",""nroProjAtiv"":""201"",""elementoDespesa"":""319011"",""subElemento"":""09"",""nroEmpenho"":""000019"",""modalidadeLicitacao"":""00"",""fundamentacaoLegal"":""00"",""justificativaDispensaInexibilidade"":"""",""razaoEscolha"":"""",""nroProcLicitacao"":""00000000"",""anoProcLicitacao"":""0000"",""nroProcAdmCorrespondente"":""00000000000087392025"",""nroInstrumentoContrato"":""000"",""assunto"":""99"",""tpEmpenho"":""01"",""dtEmpenho"":""29012025"",""vlBruto"":""0000002045,61"",""nomeCredor"":""INSTITUTO DE PREVIDENCIA DO SERV  PUB  DE SENADOR"",""tipoCredor"":""2"",""cpfCnpj"":""04927847000177"",""especificacaoEmpenho"":""DESPESA COM FOLHA DE PAGAMENTO - NORMAL - REF.: 01/2025 - Folha Mensal ID:(610)."",""cpfRespEmpenho"":""35575859134"",""nomeRespEmpenho"":""ANA MARIA EMOS FERREIRA"",""idColare"":""000000016236481"",""nroSequencial"":""000017"",""content"":[{""tipoRegistro"":""11"",""codPrograma"":""4100"",""codOrgao"":""07"",""codUnidade"":""01"",""codFuncao"":""09"",""codSubFuncao"":""122"",""naturezaAcao"":""4"",""nroProjAtiv"":""201"",""elementoDespesa"":""319011"",""subElemento"":""09"",""contaDeb"":""311110101"",""contaCred"":""211110101"",""elementoDespesaMSC"":""319011"",""subElementoMSC"":""75"",""nroEmpenho"":""000019"",""codFontRecursos"":""177000"",""codFontRecursosMSC"":""1802"",""poderOrgao"":""10132"",""codAEO"":""nan"",""vlRecurso"":""0000002045,61"",""nroSequencial"":""000018""}],""tipoOrgao"":""09""}",0125
184627,"{""tipoRegistro"":""10"",""codPrograma"":""4100"",""codOrgao"":""07"",""codUnidade"":""01"",""codFuncao"":""09"",""codSubFuncao"":""122"",""naturezaAcao"":""4"",""nroProjAtiv"":""201"",""elementoDespesa"":""319011"",""subElemento"":""09"",""nroEmpenho"":""000020"",""modalidadeLicitacao"":""00"",""fundamentacaoLegal"":""00"",""justificativaDispensaInexibilidade"":"""",""razaoEscolha"":"""",""nroProcLicitacao"":""00000000"",""anoProcLicitacao"":""0000"",""nroProcAdmCorrespondente"":""00000000000087392025"",""nroInstrumentoContrato"":""000"",""assunto"":""99"",""tpEmpenho"":""01"",""dtEmpenho"":""29012025"",""vlBruto"":""0000006818,70"",""nomeCredor"":""INSTITUTO DE PREVIDENCIA DO SERV  PUB  DE SENADOR"",""tipoCredor"":""2"",""cpfCnpj"":""04927847000177"",""especificacaoEmpenho"":""DESPESA COM FOLHA DE PAGAMENTO - NORMAL - REF.: 01/2025 - Folha Mensal ID:(610)."",""cpfRespEmpenho"":""35575859134"",""nomeRespEmpenho"":""ANA MARIA EMOS FERREIRA"",""idColare"":""000000016236481"",""nroSequencial"":""000019"",""content"":[{""tipoRegistro"":""11"",""codPrograma"":""4100"",""codOrgao"":""07"",""codUnidade"":""01"",""codFuncao"":""09"",""codSubFuncao"":""122"",""naturezaAcao"":""4"",""nroProjAtiv"":""201"",""elementoDespesa"":""319011"",""subElemento"":""09"",""contaDeb"":""311110101"",""contaCred"":""211110101"",""elementoDespesaMSC"":""319011"",""subElementoMSC"":""75"",""nroEmpenho"":""000020"",""codFontRecursos"":""177000"",""codFontRecursosMSC"":""1802"",""poderOrgao"":""10132"",""codAEO"":""nan"",""vlRecurso"":""0000006818,70"",""nroSequencial"":""000020""}],""tipoOrgao"":""09""}",0125
184628,"{""tipoRegistro"":""10"",""codPrograma"":""4100"",""codOrgao"":""07"",""codUnidade"":""01"",""codFuncao"":""09"",""codSubFuncao"":""122"",""naturezaAcao"":""4"",""nroProjAtiv"":""201"",""elementoDespesa"":""319011"",""subElemento"":""09"",""nroEmpenho"":""000021"",""modalidadeLicitacao"":""00"",""fundamentacaoLegal"":""00"",""justificativaDispensaInexibilidade"":"""",""razaoEscolha"":"""",""nroProcLicitacao"":""00000000"",""anoProcLicitacao"":""0000"",""nroProcAdmCorrespondente"":""00000000000087392025"",""nroInstrumentoContrato"":""000"",""assunto"":""99"",""tpEmpenho"":""01"",""dtEmpenho"":""29012025"",""vlBruto"":""0000009919,91"",""nomeCredor"":""INSTITUTO DE PREVIDENCIA DO SERV  PUB  DE SENADOR"",""tipoCredor"":""2"",""cpfCnpj"":""04927847000177"",""especificacaoEmpenho"":""DESPESA COM FOLHA DE PAGAMENTO - NORMAL - REF.: 01/2025 - Folha Mensal ID:(610)."",""cpfRespEmpenho"":""35575859134"",""nomeRespEmpenho"":""ANA MARIA EMOS FERREIRA"",""idColare"":""000000016236481"",""nroSequencial"":""000021"",""content"":[{""tipoRegistro"":""11"",""codPrograma"":""4100"",""codOrgao"":""07"",""codUnidade"":""01"",""codFuncao"":""09"",""codSubFuncao"":""122"",""naturezaAcao"":""4"",""nroProjAtiv"":""201"",""elementoDespesa"":""319011"",""subElemento"":""09"",""contaDeb"":""311110114"",""contaCred"":""211110101"",""elementoDespesaMSC"":""319011"",""subElementoMSC"":""33"",""nroEmpenho"":""000021"",""codFontRecursos"":""177000"",""codFontRecursosMSC"":""1802"",""poderOrgao"":""10132"",""codAEO"":""nan"",""vlRecurso"":""0000009919,91"",""nroSequencial"":""000022""}],""tipoOrgao"":""09""}",0125
184629,"{""tipoRegistro"":""10"",""codPrograma"":""4100"",""codOrgao"":""07"",""codUnidade"":""01"",""codFuncao"":""09"",""codSubFuncao"":""122"",""naturezaAcao"":""4"",""nroProjAtiv"":""201"",""elementoDespesa"":""319011"",""subElemento"":""09"",""nroEmpenho"":""000022"",""modalidadeLicitacao"":""00"",""fundamentacaoLegal"":""00"",""justificativaDispensaInexibilidade"":"""",""razaoEscolha"":"""",""nroProcLicitacao"":""00000000"",""anoProcLicitacao"":""0000"",""nroProcAdmCorrespondente"":""00000000000087392025"",""nroInstrumentoContrato"":""000"",""assunto"":""99"",""tpEmpenho"":""01"",""dtEmpenho"":""29012025"",""vlBruto"":""0000001704,68"",""nomeCredor"":""INSTITUTO DE PREVIDENCIA DO SERV  PUB  DE SENADOR"",""tipoCredor"":""2"",""cpfCnpj"":""04927847000177"",""especificacaoEmpenho"":""DESPESA COM FOLHA DE PAGAMENTO - NORMAL - REF.: 01/2025 - Folha Mensal ID:(610)."",""cpfRespEmpenho"":""35575859134"",""nomeRespEmpenho"":""ANA MARIA EMOS FERREIRA"",""idColare"":""000000016236481"",""nroSequencial"":""000023"",""content"":[{""tipoRegistro"":""11"",""codPrograma"":""4100"",""codOrgao"":""07"",""codUnidade"":""01"",""codFuncao"":""09"",""codSubFuncao"":""122"",""naturezaAcao"":""4"",""nroProjAtiv"":""201"",""elementoDespesa"":""319011"",""subElemento"":""09"",""contaDeb"":""nan"",""contaCred"":""nan"",""elementoDespesaMSC"":""nan"",""subElementoMSC"":""nan"",""nroEmpenho"":""000022"",""codFontRecursos"":""177000"",""codFontRecursosMSC"":""1802"",""poderOrgao"":""10132"",""codAEO"":""nan"",""vlRecurso"":""0000001704,68"",""nroSequencial"":""000024""}],""tipoOrgao"":""09""}",0125
184630,"{""tipoRegistro"":""10"",""codPrograma"":""4100"",""codOrgao"":""07"",""codUnidade"":""01"",""codFuncao"":""09"",""codSubFuncao"":""122"",""naturezaAcao"":""4"",""nroProjAtiv"":""201"",""elementoDespesa"":""319011"",""subElemento"":""03"",""nroEmpenho"":""000034"",""modalidadeLicitacao"":""00"",""fundamentacaoLegal"":""00"",""justificativaDispensaInexibilidade"":"""",""razaoEscolha"":"""",""nroProcLicitacao"":""00000000"",""anoProcLicitacao"":""0000"",""nroProcAdmCorrespondente"":""00000000000087562025"",""nroInstrumentoContrato"":""000"",""assunto"":""99"",""tpEmpenho"":""01"",""dtEmpenho"":""29012025"",""vlBruto"":""0000009139,87"",""nomeCredor"":""INSTITUTO DE PREVIDENCIA DO SERV  PUB  DE SENADOR"",""tipoCredor"":""2"",""cpfCnpj"":""04927847000177"",""especificacaoEmpenho"":""PROVENIENTE DESPESA COM 13º. SALÁRIO/2025 DA COMPETÊNCIA 01/2025 DOS CONCURSADOS DO SENAPREV."",""cpfRespEmpenho"":""35575859134"",""nomeRespEmpenho"":""ANA MARIA EMOS FERREIRA"",""idColare"":""000000016236481"",""nroSequencial"":""000025"",""content"":[{""tipoRegistro"":""11"",""codPrograma"":""4100"",""codOrgao"":""07"",""codUnidade"":""01"",""codFuncao"":""09"",""codSubFuncao"":""122"",""naturezaAcao"":""4"",""nroProjAtiv"":""201"",""elementoDespesa"":""319011"",""subElemento"":""03"",""contaDeb"":""311110124"",""contaCred"":""211110101"",""elementoDespesaMSC"":""319011"",""subElementoMSC"":""45"",""nroEmpenho"":""000034"",""codFontRecursos"":""177000"",""codFontRecursosMSC"":""1802"",""poderOrgao"":""10132"",""codAEO"":""nan"",""vlRecurso"":""0000009139,87"",""nroSequencial"":""000026""}],""tipoOrgao"":""09""}",0125
184631,"{""tipoRegistro"":""10"",""codPrograma"":""4100"",""codOrgao"":""07"",""codUnidade"":""01"",""codFuncao"":""09"",""codSubFuncao"":""122"",""naturezaAcao"":""4"",""nroProjAtiv"":""201"",""elementoDespesa"":""319011"",""subElemento"":""99"",""nroEmpenho"":""000023"",""modalidadeLicitacao"":""00"",""fundamentacaoLegal"":""00"",""justificativaDispensaInexibilidade"":"""",""razaoEscolha"":"""",""nroProcLicitacao"":""00000000"",""anoProcLicitacao"":""0000"",""nroProcAdmCorrespondente"":""00000000000087392025"",""nroInstrumentoContrato"":""000"",""assunto"":""99"",""tpEmpenho"":""01"",""dtEmpenho"":""29012025"",""vlBruto"":""0000008854,20"",""nomeCredor"":""INSTITUTO DE PREVIDENCIA DO SERV  PUB  DE SENADOR"",""tipoCredor"":""2"",""cpfCnpj"":""04927847000177"",""especificacaoEmpenho"":""DESPESA COM FOLHA DE PAGAMENTO - NORMAL - REF.: 01/2025 - Folha Mensal ID:(610)."",""cpfRespEmpenho"":""35575859134"",""nomeRespEmpenho"":""ANA MARIA EMOS FERREIRA"",""idColare"":""000000016236481"",""nroSequencial"":""000027"",""content"":[{""tipoRegistro"":""11"",""codPrograma"":""4100"",""codOrgao"":""07"",""codUnidade"":""01"",""codFuncao"":""09"",""codSubFuncao"":""122"",""naturezaAcao"":""4"",""nroProjAtiv"":""201"",""elementoDespesa"":""319011"",""subElemento"":""99"",""contaDeb"":""311110109"",""contaCred"":""211110101"",""elementoDespesaMSC"":""319011"",""subElementoMSC"":""77"",""nroEmpenho"":""000023"",""codFontRecursos"":""177000"",""codFontRecursosMSC"":""1802"",""poderOrgao"":""10132"",""codAEO"":""nan"",""vlRecurso"":""0000008854,20"",""nroSequencial"":""000028""}],""tipoOrgao"":""09""}",0125
184632,"{""tipoRegistro"":""10"",""codPrograma"":""4100"",""codOrgao"":""07"",""codUnidade"":""01"",""codFuncao"":""09"",""codSubFuncao"":""122"",""naturezaAcao"":""4"",""nroProjAtiv"":""201"",""elementoDespesa"":""319013"",""subElemento"":""02"",""nroEmpenho"":""000015"",""modalidadeLicitacao"":""00"",""fundamentacaoLegal"":""00"",""justificativaDispensaInexibilidade"":"""",""razaoEscolha"":"""",""nroProcLicitacao"":""00000000"",""anoProcLicitacao"":""0000"",""nroProcAdmCorrespondente"":""00000000000087392025"",""nroInstrumentoContrato"":""000"",""assunto"":""99"",""tpEmpenho"":""01"",""dtEmpenho"":""29012025"",""vlBruto"":""0000010226,60"",""nomeCredor"":""INSTITUTO NACIONAL DO SEGURO SOCIAL - INSS"",""tipoCredor"":""2"",""cpfCnpj"":""29979036000140"",""especificacaoEmpenho"":""DESPESA COM FOLHA DE PAGAMENTO - NORMAL - REF.: 01/2025 - Folha Mensal ID:(610)."",""cpfRespEmpenho"":""35575859134"",""nomeRespEmpenho"":""ANA MARIA EMOS FERREIRA"",""idColare"":""000000000000000"",""nroSequencial"":""000029"",""content"":[{""tipoRegistro"":""11"",""codPrograma"":""4100"",""codOrgao"":""07"",""codUnidade"":""01"",""codFuncao"":""09"",""codSubFuncao"":""122"",""naturezaAcao"":""4"",""nroProjAtiv"":""201"",""elementoDespesa"":""319013"",""subElemento"":""02"",""contaDeb"":""312230100"",""contaCred"":""211430101"",""elementoDespesaMSC"":""319013"",""subElementoMSC"":""02"",""nroEmpenho"":""000015"",""codFontRecursos"":""177000"",""codFontRecursosMSC"":""1802"",""poderOrgao"":""10132"",""codAEO"":""nan"",""vlRecurso"":""0000010226,60"",""nroSequencial"":""000030""}],""tipoOrgao"":""09""}",0125
184633,"{""tipoRegistro"":""10"",""codPrograma"":""4100"",""codOrgao"":""07"",""codUnidade"":""01"",""codFuncao"":""09"",""codSubFuncao"":""122"",""naturezaAcao"":""4"",""nroProjAtiv"":""201"",""elementoDespesa"":""319013"",""subElemento"":""99"",""nroEmpenho"":""000024"",""modalidadeLicitacao"":""00"",""fundamentacaoLegal"":""00"",""justificativaDispensaInexibilidade"":"""",""razaoEscolha"":"""",""nroProcLicitacao"":""00000000"",""anoProcLicitacao"":""0000"",""nroProcAdmCorrespondente"":""00000000000087392025"",""nroInstrumentoContrato"":""000"",""assunto"":""99"",""tpEmpenho"":""01"",""dtEmpenho"":""29012025"",""vlBruto"":""0000000778,72"",""nomeCredor"":""INSTITUTO DE PREVIDENCIA SOCIAL DO MUNICIPIO DE SA"",""tipoCredor"":""2"",""cpfCnpj"":""08846583000188"",""especificacaoEmpenho"":""DESPESA COM FOLHA DE PAGAMENTO - NORMAL - REF.: 01/2025 - Folha Mensal ID:(610)."",""cpfRespEmpenho"":""35575859134"",""nomeRespEmpenho"":""ANA MARIA EMOS FERREIRA"",""idColare"":""000000000000000"",""nroSequencial"":""000031"",""content"":[{""tipoRegistro"":""11"",""codPrograma"":""4100"",""codOrgao"":""07"",""codUnidade"":""01"",""codFuncao"":""09"",""codSubFuncao"":""122"",""naturezaAcao"":""4"",""nroProjAtiv"":""201"",""elementoDespesa"":""319013"",""subElemento"":""99"",""contaDeb"":""312230400"",""contaCred"":""211459800"",""elementoDespesaMSC"":""319013"",""subElementoMSC"":""40"",""nroEmpenho"":""000024"",""codFontRecursos"":""177000"",""codFontRecursosMSC"":""1802"",""poderOrgao"":""10132"",""codAEO"":""nan"",""vlRecurso"":""0000000778,72"",""nroSequencial"":""000032""}],""tipoOrgao"":""09""}",0125
184634,"{""tipoRegistro"":""10"",""codPrograma"":""4100"",""codOrgao"":""07"",""codUnidade"":""01"",""codFuncao"":""09"",""codSubFuncao"":""122"",""naturezaAcao"":""4"",""nroProjAtiv"":""201"",""elementoDespesa"":""319094"",""subElemento"":""01"",""nroEmpenho"":""000029"",""modalidadeLicitacao"":""00"",""fundamentacaoLegal"":""00"",""justificativaDispensaInexibilidade"":"""",""razaoEscolha"":"""",""nroProcLicitacao"":""00000000"",""anoProcLicitacao"":""0000"",""nroProcAdmCorrespondente"":""00000000000087622025"",""nroInstrumentoContrato"":""000"",""assunto"":""99"",""tpEmpenho"":""01"",""dtEmpenho"":""29012025"",""vlBruto"":""0000015494,81"",""nomeCredor"":""INSTITUTO DE PREVIDENCIA DO SERV  PUB  DE SENADOR"",""tipoCredor"":""2"",""cpfCnpj"":""04927847000177"",""especificacaoEmpenho"":""PROVENIENTE DESPESA COM RESCISÃO TRABALHISTA DAS SERVIDORAS FLAVIA CATIUSSE DA SILVA FERREIRA, HELLEN VITORIA DE PAULA SANTOS, MARIZETE ROCHA DE SOUZA  DO SENAPREV."",""cpfRespEmpenho"":""35575859134"",""nomeRespEmpenho"":""ANA MARIA EMOS FERREIRA"",""idColare"":""000000000000000"",""nroSequencial"":""000033"",""content"":[{""tipoRegistro"":""11"",""codPrograma"":""4100"",""codOrgao"":""07"",""codUnidade"":""01"",""codFuncao"":""09"",""codSubFuncao"":""122"",""naturezaAcao"":""4"",""nroProjAtiv"":""201"",""elementoDespesa"":""319094"",""subElemento"":""01"",""contaDeb"":""319110000"",""contaCred"":""218910101"",""elementoDespesaMSC"":""319094"",""subElementoMSC"":""01"",""nroEmpenho"":""000029"",""codFontRecursos"":""177000"",""codFontRecursosMSC"":""1802"",""poderOrgao"":""10132"",""codAEO"":""nan"",""vlRecurso"":""0000015494,81"",""nroSequencial"":""000034""}],""tipoOrgao"":""09""}",0125
184635,"{""tipoRegistro"":""10"",""codPrograma"":""4100"",""codOrgao"":""07"",""codUnidade"":""01"",""codFuncao"":""09"",""codSubFuncao"":""122"",""naturezaAcao"":""4"",""nroProjAtiv"":""201"",""elementoDespesa"":""319113"",""subElemento"":""04"",""nroEmpenho"":""000012"",""modalidadeLicitacao"":""00"",""fundamentacaoLegal"":""00"",""justificativaDispensaInexibilidade"":"""",""razaoEscolha"":"""",""nroProcLicitacao"":""00000000"",""anoProcLicitacao"":""0000"",""nroProcAdmCorrespondente"":""00000000000087392025"",""nroInstrumentoContrato"":""000"",""assunto"":""99"",""tpEmpenho"":""01"",""dtEmpenho"":""29012025"",""vlBruto"":""0000007476,03"",""nomeCredor"":""INSTITUTO DE PREVIDENCIA DO SERV  PUB  DE SENADOR"",""tipoCredor"":""2"",""cpfCnpj"":""04927847000177"",""especificacaoEmpenho"":""DESPESA COM FOLHA DE PAGAMENTO - NORMAL - REF.: 01/2025 - Folha Mensal ID:(610)."",""cpfRespEmpenho"":""35575859134"",""nomeRespEmpenho"":""ANA MARIA EMOS FERREIRA"",""idColare"":""000000000000000"",""nroSequencial"":""000035"",""content"":[{""tipoRegistro"":""11"",""codPrograma"":""4100"",""codOrgao"":""07"",""codUnidade"":""01"",""codFuncao"":""09"",""codSubFuncao"":""122"",""naturezaAcao"":""4"",""nroProjAtiv"":""201"",""elementoDespesa"":""319113"",""subElemento"":""04"",""contaDeb"":""312129900"",""contaCred"":""218959800"",""elementoDespesaMSC"":""319113"",""subElementoMSC"":""02"",""nroEmpenho"":""000012"",""codFontRecursos"":""177000"",""codFontRecursosMSC"":""1802"",""poderOrgao"":""10132"",""codAEO"":""nan"",""vlRecurso"":""0000007476,03"",""nroSequencial"":""000036""}],""tipoOrgao"":""09""}",0125
184636,"{""tipoRegistro"":""10"",""codPrograma"":""4100"",""codOrgao"":""07"",""codUnidade"":""01"",""codFuncao"":""09"",""codSubFuncao"":""122"",""naturezaAcao"":""4"",""nroProjAtiv"":""201"",""elementoDespesa"":""319113"",""subElemento"":""99"",""nroEmpenho"":""000026"",""modalidadeLicitacao"":""00"",""fundamentacaoLegal"":""00"",""justificativaDispensaInexibilidade"":"""",""razaoEscolha"":"""",""nroProcLicitacao"":""00000000"",""anoProcLicitacao"":""0000"",""nroProcAdmCorrespondente"":""00000000000087392025"",""nroInstrumentoContrato"":""000"",""assunto"":""99"",""tpEmpenho"":""01"",""dtEmpenho"":""29012025"",""vlBruto"":""0000121213,35"",""nomeCredor"":""INSTITUTO DE ASSISTENCIA A SAUDE DO SERVIDOR PUBLI"",""tipoCredor"":""2"",""cpfCnpj"":""00999472000108"",""especificacaoEmpenho"":""DESPESA COM FOLHA DE PAGAMENTO - NORMAL - REF.: 01/2025 - Folha Mensal ID:(610)."",""cpfRespEmpenho"":""35575859134"",""nomeRespEmpenho"":""ANA MARIA EMOS FERREIRA"",""idColare"":""000000000000000"",""nroSequencial"":""000037"",""content"":[{""tipoRegistro"":""11"",""codPrograma"":""4100"",""codOrgao"":""07"",""codUnidade"":""01"",""codFuncao"":""09"",""codSubFuncao"":""122"",""naturezaAcao"":""4"",""nroProjAtiv"":""201"",""elementoDespesa"":""319113"",""subElemento"":""99"",""contaDeb"":""312129900"",""contaCred"":""218959800"",""elementoDespesaMSC"":""319113"",""subElementoMSC"":""08"",""nroEmpenho"":""000026"",""codFontRecursos"":""177000"",""codFontRecursosMSC"":""1802"",""poderOrgao"":""10132"",""codAEO"":""nan"",""vlRecurso"":""0000121213,35"",""nroSequencial"":""000038""}],""tipoOrgao"":""09""}",0125
184637,"{""tipoRegistro"":""10"",""codPrograma"":""4100"",""codOrgao"":""07"",""codUnidade"":""01"",""codFuncao"":""09"",""codSubFuncao"":""122"",""naturezaAcao"":""4"",""nroProjAtiv"":""201"",""elementoDespesa"":""319113"",""subElemento"":""02"",""nroEmpenho"":""000037"",""modalidadeLicitacao"":""00"",""fundamentacaoLegal"":""00"",""justificativaDispensaInexibilidade"":"""",""razaoEscolha"":"""",""nroProcLicitacao"":""00000000"",""anoProcLicitacao"":""0000"",""nroProcAdmCorrespondente"":""00000000000087562025"",""nroInstrumentoContrato"":""000"",""assunto"":""99"",""tpEmpenho"":""01"",""dtEmpenho"":""31012025"",""vlBruto"":""0000000952,26"",""nomeCredor"":""INSTITUTO DE PREVIDENCIA DO SERV  PUB  DE SENADOR"",""tipoCredor"":""2"",""cpfCnpj"":""04927847000177"",""especificacaoEmpenho"":""PROVENIENTE DESPESA COM PARTE PATRONAL DOS SERVEDORES CONCURSADOS DO SENAPREV. REF. 13º SALÁRIO/2025."",""cpfRespEmpenho"":""35575859134"",""nomeRespEmpenho"":""ANA MARIA EMOS FERREIRA"",""idColare"":""000000000000000"",""nroSequencial"":""000039"",""content"":[{""tipoRegistro"":""11"",""codPrograma"":""4100"",""codOrgao"":""07"",""codUnidade"":""01"",""codFuncao"":""09"",""codSubFuncao"":""122"",""naturezaAcao"":""4"",""nroProjAtiv"":""201"",""elementoDespesa"":""319113"",""subElemento"":""02"",""contaDeb"":""nan"",""contaCred"":""nan"",""elementoDespesaMSC"":""nan"",""subElementoMSC"":""nan"",""nroEmpenho"":""000037"",""codFontRecursos"":""177000"",""codFontRecursosMSC"":""1802"",""poderOrgao"":""10132"",""codAEO"":""nan"",""vlRecurso"":""0000000952,26"",""nroSequencial"":""000040""}],""tipoOrgao"":""09""}",0125
184638,"{""tipoRegistro"":""10"",""codPrograma"":""4100"",""codOrgao"":""07"",""codUnidade"":""01"",""codFuncao"":""09"",""codSubFuncao"":""122"",""naturezaAcao"":""4"",""nroProjAtiv"":""201"",""elementoDespesa"":""339008"",""subElemento"":""56"",""nroEmpenho"":""000017"",""modalidadeLicitacao"":""00"",""fundamentacaoLegal"":""00"",""justificativaDispensaInexibilidade"":"""",""razaoEscolha"":"""",""nroProcLicitacao"":""00000000"",""anoProcLicitacao"":""0000"",""nroProcAdmCorrespondente"":""00000000000087392025"",""nroInstrumentoContrato"":""000"",""assunto"":""99"",""tpEmpenho"":""01"",""dtEmpenho"":""29012025"",""vlBruto"":""0000000260,00"",""nomeCredor"":""INSTITUTO DE PREVIDENCIA DO SERV  PUB  DE SENADOR"",""tipoCredor"":""2"",""cpfCnpj"":""04927847000177"",""especificacaoEmpenho"":""DESPESA COM FOLHA DE PAGAMENTO - NORMAL - REF.: 01/2025 - Folha Mensal ID:(610)."",""cpfRespEmpenho"":""35575859134"",""nomeRespEmpenho"":""ANA MARIA EMOS FERREIRA"",""idColare"":""000000016236481"",""nroSequencial"":""000041"",""content"":[{""tipoRegistro"":""11"",""codPrograma"":""4100"",""codOrgao"":""07"",""codUnidade"":""01"",""codFuncao"":""09"",""codSubFuncao"":""122"",""naturezaAcao"":""4"",""nroProjAtiv"":""201"",""elementoDespesa"":""339008"",""subElemento"":""56"",""contaDeb"":""nan"",""contaCred"":""nan"",""elementoDespesaMSC"":""nan"",""subElementoMSC"":""nan"",""nroEmpenho"":""000017"",""codFontRecursos"":""177000"",""codFontRecursosMSC"":""1802"",""poderOrgao"":""10132"",""codAEO"":""nan"",""vlRecurso"":""0000000260,00"",""nroSequencial"":""000042""}],""tipoOrgao"":""09""}",0125
184639,"{""tipoRegistro"":""10"",""codPrograma"":""4100"",""codOrgao"":""07"",""codUnidade"":""01"",""codFuncao"":""09"",""codSubFuncao"":""122"",""naturezaAcao"":""4"",""nroProjAtiv"":""201"",""elementoDespesa"":""339030"",""subElemento"":""01"",""nroEmpenho"":""000001"",""modalidadeLicitacao"":""00"",""fundamentacaoLegal"":""00"",""justificativaDispensaInexibilidade"":"""",""razaoEscolha"":"""",""nroProcLicitacao"":""00000000"",""anoProcLicitacao"":""0000"",""nroProcAdmCorrespondente"":"""",""nroInstrumentoContrato"":""000"",""assunto"":""99"",""tpEmpenho"":""01"",""dtEmpenho"":""13012025"",""vlBruto"":""0000003556,07"",""nomeCredor"":""PRIME CONSULTORIA E ASSESSORIA EMPRESARIAL LTDA"",""tipoCredor"":""2"",""cpfCnpj"":""05340639000130"",""especificacaoEmpenho"":""DESPESA COM PRESTAÇÃO DE SERVIÇOS DE GERENCIAMENTO DE ABASTECIMENTO DA FROTA DE VEÍCULOS OFICIAIS DA PREFEITURA MUNICIPAL DE SENADOR CANEDO, SEUS FUNDOS E AUTARQUIAS, COM IMPLANTAÇÃO, INTERMEDIAÇÃO E ADMINISTRAÇÃO DE UM SISTEMA INFORMATIZADO E INTEGRADO,"",""cpfRespEmpenho"":""35575859134"",""nomeRespEmpenho"":""ANA MARIA EMOS FERREIRA"",""idColare"":""000000000000000"",""nroSequencial"":""000043"",""content"":[{""tipoRegistro"":""11"",""codPrograma"":""4100"",""codOrgao"":""07"",""codUnidade"":""01"",""codFuncao"":""09"",""codSubFuncao"":""122"",""naturezaAcao"":""4"",""nroProjAtiv"":""201"",""elementoDespesa"":""339030"",""subElemento"":""01"",""contaDeb"":""nan"",""contaCred"":""nan"",""elementoDespesaMSC"":""nan"",""subElementoMSC"":""nan"",""nroEmpenho"":""000001"",""codFontRecursos"":""177000"",""codFontRecursosMSC"":""1802"",""poderOrgao"":""10132"",""codAEO"":""nan"",""vlRecurso"":""0000003556,07"",""nroSequencial"":""000044""},{""tipoRegistro"":""13"",""codPrograma"":""4100"",""codOrgao"":""07"",""codUnidade"":""01"",""codFuncao"":""09"",""codSubFuncao"":""122"",""naturezaAcao"":""4"",""nroProjAtiv"":""201"",""elementoDespesa"":""339030"",""subElemento"":""01"",""nroEmpenho"":""000001"",""codUnidadeContrato"":""01"",""nroContrato"":""00000000000030118001"",""anoContrato"":""2024"",""tipoAjuste"":""1"",""vlAssociadoContrato"":""0000003556,07"",""idColare"":""000000012559423"",""nroSequencial"":""000045""}],""tipoOrgao"":""09""}",0125
184640,"{""tipoRegistro"":""10"",""codPrograma"":""4100"",""codOrgao"":""07"",""codUnidade"":""01"",""codFuncao"":""09"",""codSubFuncao"":""122"",""naturezaAcao"":""4"",""nroProjAtiv"":""201"",""elementoDespesa"":""339030"",""subElemento"":""01"",""nroEmpenho"":""000002"",""modalidadeLicitacao"":""00"",""fundamentacaoLegal"":""00"",""justificativaDispensaInexibilidade"":"""",""razaoEscolha"":"""",""nroProcLicitacao"":""00000000"",""anoProcLicitacao"":""0000"",""nroProcAdmCorrespondente"":"""",""nroInstrumentoContrato"":""000"",""assunto"":""99"",""tpEmpenho"":""01"",""dtEmpenho"":""13012025"",""vlBruto"":""0000006802,23"",""nomeCredor"":""PRIME CONSULTORIA E ASSESSORIA EMPRESARIAL LTDA"",""tipoCredor"":""2"",""cpfCnpj"":""05340639000130"",""especificacaoEmpenho"":""DESPESA COM PRESTAÇÃO DE SERVIÇOS DE GERENCIAMENTO DE ABASTECIMENTO DA FROTA DE VEÍCULOS OFICIAIS DA PREFEITURA MUNICIPAL DE SENADOR CANEDO, SEUS FUNDOS E AUTARQUIAS, COM IMPLANTAÇÃO, INTERMEDIAÇÃO E ADMINISTRAÇÃO DE UM SISTEMA INFORMATIZADO E INTEGRADO,"",""cpfRespEmpenho"":""35575859134"",""nomeRespEmpenho"":""ANA MARIA EMOS FERREIRA"",""idColare"":""000000000000000"",""nroSequencial"":""000046"",""content"":[{""tipoRegistro"":""11"",""codPrograma"":""4100"",""codOrgao"":""07"",""codUnidade"":""01"",""codFuncao"":""09"",""codSubFuncao"":""122"",""naturezaAcao"":""4"",""nroProjAtiv"":""201"",""elementoDespesa"":""339030"",""subElemento"":""01"",""contaDeb"":""nan"",""contaCred"":""nan"",""elementoDespesaMSC"":""nan"",""subElementoMSC"":""nan"",""nroEmpenho"":""000002"",""codFontRecursos"":""177000"",""codFontRecursosMSC"":""1802"",""poderOrgao"":""10132"",""codAEO"":""nan"",""vlRecurso"":""0000006802,23"",""nroSequencial"":""000047""},{""tipoRegistro"":""13"",""codPrograma"":""4100"",""codOrgao"":""07"",""codUnidade"":""01"",""codFuncao"":""09"",""codSubFuncao"":""122"",""naturezaAcao"":""4"",""nroProjAtiv"":""201"",""elementoDespesa"":""339030"",""subElemento"":""01"",""nroEmpenho"":""000002"",""codUnidadeContrato"":""01"",""nroContrato"":""00000000000030118001"",""anoContrato"":""2024"",""tipoAjuste"":""1"",""vlAssociadoContrato"":""0000006802,23"",""idColare"":""000000012559423"",""nroSequencial"":""000048""}],""tipoOrgao"":""09""}",0125
184641,"{""tipoRegistro"":""10"",""codPrograma"":""4100"",""codOrgao"":""07"",""codUnidade"":""01"",""codFuncao"":""09"",""codSubFuncao"":""122"",""naturezaAcao"":""4"",""nroProjAtiv"":""201"",""elementoDespesa"":""339035"",""subElemento"":""00"",""nroEmpenho"":""000047"",""modalidadeLicitacao"":""00"",""fundamentacaoLegal"":""00"",""justificativaDispensaInexibilidade"":"""",""razaoEscolha"":"""",""nroProcLicitacao"":""00000000"",""anoProcLicitacao"":""0000"",""nroProcAdmCorrespondente"":"""",""nroInstrumentoContrato"":""000"",""assunto"":""99"",""tpEmpenho"":""01"",""dtEmpenho"":""20012025"",""vlBruto"":""0000011000,00"",""nomeCredor"":""ARIMA - CONSULTORIA ATUARIAL, FINANCEIRA E MERCADO"",""tipoCredor"":""2"",""cpfCnpj"":""07374237000181"",""especificacaoEmpenho"":""PROVENIENTE DESPESAS ORIUNDAS DO RESULTADO DA LICITAÇÃO 00011/2024 MODALIDADE: INEX  - CONTRATAÇÃO DE EMPRESA ESPECIALIZADA EM CONSULTORIA ATUARIAL EM 02 (DUAS) PARCELAS PARA O SENAPREV."",""cpfRespEmpenho"":""35575859134"",""nomeRespEmpenho"":""ANA MARIA EMOS FERREIRA"",""idColare"":""000000000000000"",""nroSequencial"":""000049"",""content"":[{""tipoRegistro"":""11"",""codPrograma"":""4100"",""codOrgao"":""07"",""codUnidade"":""01"",""codFuncao"":""09"",""codSubFuncao"":""122"",""naturezaAcao"":""4"",""nroProjAtiv"":""201"",""elementoDespesa"":""339035"",""subElemento"":""00"",""contaDeb"":""nan"",""contaCred"":""nan"",""elementoDespesaMSC"":""nan"",""subElementoMSC"":""nan"",""nroEmpenho"":""000047"",""codFontRecursos"":""177000"",""codFontRecursosMSC"":""1802"",""poderOrgao"":""10132"",""codAEO"":""nan"",""vlRecurso"":""0000011000,00"",""nroSequencial"":""000050""},{""tipoRegistro"":""13"",""codPrograma"":""4100"",""codOrgao"":""07"",""codUnidade"":""01"",""codFuncao"":""09"",""codSubFuncao"":""122"",""naturezaAcao"":""4"",""nroProjAtiv"":""201"",""elementoDespesa"":""339035"",""subElemento"":""00"",""nroEmpenho"":""000047"",""codUnidadeContrato"":""01"",""nroContrato"":""00000000000070209001"",""anoContrato"":""2024"",""tipoAjuste"":""1"",""vlAssociadoContrato"":""0000011000,00"",""idColare"":""000000012725791"",""nroSequencial"":""000051""}],""tipoOrgao"":""09""}",0125
184642,"{""tipoRegistro"":""10"",""codPrograma"":""4100"",""codOrgao"":""07"",""codUnidade"":""01"",""codFuncao"":""09"",""codSubFuncao"":""122"",""naturezaAcao"":""4"",""nroProjAtiv"":""201"",""elementoDespesa"":""339035"",""subElemento"":""00"",""nroEmpenho"":""000054"",""modalidadeLicitacao"":""00"",""fundamentacaoLegal"":""00"",""justificativaDispensaInexibilidade"":"""",""razaoEscolha"":"""",""nroProcLicitacao"":""00000000"",""anoProcLicitacao"":""0000"",""nroProcAdmCorrespondente"":"""",""nroInstrumentoContrato"":""000"",""assunto"":""99"",""tpEmpenho"":""01"",""dtEmpenho"":""16012025"",""vlBruto"":""0000011649,00"",""nomeCredor"":""CONSULTANIA PREV CONSULTORIA E ASSESSORIA LTDA"",""tipoCredor"":""2"",""cpfCnpj"":""11077722000160"",""especificacaoEmpenho"":""PROVENIENTE DESPESA COM SERVIÇOS EM CONSULTORIA E ASSESSORIA PREVIDENCIARIA, CONFORME CONTRATO Nº 07.02.21.001/2024, INEXIGIBILIDADE Nº 002/2024, VIGENTE ATE 27/02/2025."",""cpfRespEmpenho"":""35575859134"",""nomeRespEmpenho"":""ANA MARIA EMOS FERREIRA"",""idColare"":""000000000000000"",""nroSequencial"":""000052"",""content"":[{""tipoRegistro"":""11"",""codPrograma"":""4100"",""codOrgao"":""07"",""codUnidade"":""01"",""codFuncao"":""09"",""codSubFuncao"":""122"",""naturezaAcao"":""4"",""nroProjAtiv"":""201"",""elementoDespesa"":""339035"",""subElemento"":""00"",""contaDeb"":""nan"",""contaCred"":""nan"",""elementoDespesaMSC"":""nan"",""subElementoMSC"":""nan"",""nroEmpenho"":""000054"",""codFontRecursos"":""177000"",""codFontRecursosMSC"":""1802"",""poderOrgao"":""10132"",""codAEO"":""nan"",""vlRecurso"":""0000011649,00"",""nroSequencial"":""000053""},{""tipoRegistro"":""13"",""codPrograma"":""4100"",""codOrgao"":""07"",""codUnidade"":""01"",""codFuncao"":""09"",""codSubFuncao"":""122"",""naturezaAcao"":""4"",""nroProjAtiv"":""201"",""elementoDespesa"":""339035"",""subElemento"":""00"",""nroEmpenho"":""000054"",""codUnidadeContrato"":""01"",""nroContrato"":""00000000000070221001"",""anoContrato"":""2024"",""tipoAjuste"":""1"",""vlAssociadoContrato"":""0000011649,00"",""idColare"":""000000012809344"",""nroSequencial"":""000054""}],""tipoOrgao"":""09""}",0125
184643,"{""tipoRegistro"":""10"",""codPrograma"":""4100"",""codOrgao"":""07"",""codUnidade"":""01"",""codFuncao"":""09"",""codSubFuncao"":""122"",""naturezaAcao"":""4"",""nroProjAtiv"":""201"",""elementoDespesa"":""339036"",""subElemento"":""15"",""nroEmpenho"":""000036"",""modalidadeLicitacao"":""00"",""fundamentacaoLegal"":""00"",""justificativaDispensaInexibilidade"":"""",""razaoEscolha"":"""",""nroProcLicitacao"":""00000000"",""anoProcLicitacao"":""0000"",""nroProcAdmCorrespondente"":"""",""nroInstrumentoContrato"":""000"",""assunto"":""99"",""tpEmpenho"":""01"",""dtEmpenho"":""31012025"",""vlBruto"":""0000016289,64"",""nomeCredor"":""MARCIO ANTONIO FERREIRA DE ARAUJO"",""tipoCredor"":""1"",""cpfCnpj"":""00040999319191"",""especificacaoEmpenho"":""DESPESAS ORINDA DO RESULTADO DA LICITAÇÃO 000503/21 - LOCAÇÃO DE IMOVÉL SITUADO NA AVENDIA DR JOSÉ CARNEIRO, QD 37 LT 07, JARDIM CANEDO I , ONDE ENCONTRA-SE INSTALADA A SEDE DO INSTITUTO DO SERVIDOR PÚBLICO DE SENADOR CANEDO - SENAPREV"",""cpfRespEmpenho"":""35575859134"",""nomeRespEmpenho"":""ANA MARIA EMOS FERREIRA"",""idColare"":""000000000000000"",""nroSequencial"":""000055"",""content"":[{""tipoRegistro"":""11"",""codPrograma"":""4100"",""codOrgao"":""07"",""codUnidade"":""01"",""codFuncao"":""09"",""codSubFuncao"":""122"",""naturezaAcao"":""4"",""nroProjAtiv"":""201"",""elementoDespesa"":""339036"",""subElemento"":""15"",""contaDeb"":""332212100"",""contaCred"":""213110101"",""elementoDespesaMSC"":""339036"",""subElementoMSC"":""99"",""nroEmpenho"":""000036"",""codFontRecursos"":""177000"",""codFontRecursosMSC"":""1802"",""poderOrgao"":""10132"",""codAEO"":""nan"",""vlRecurso"":""0000016289,64"",""nroSequencial"":""000056""},{""tipoRegistro"":""13"",""codPrograma"":""4100"",""codOrgao"":""07"",""codUnidade"":""01"",""codFuncao"":""09"",""codSubFuncao"":""122"",""naturezaAcao"":""4"",""nroProjAtiv"":""201"",""elementoDespesa"":""339036"",""subElemento"":""15"",""nroEmpenho"":""000036"",""codUnidadeContrato"":""01"",""nroContrato"":""00000007042300122021"",""anoContrato"":""2021"",""tipoAjuste"":""1"",""vlAssociadoContrato"":""0000016289,64"",""idColare"":""000000001278664"",""nroSequencial"":""000057""}],""tipoOrgao"":""09""}",0125
184644,"{""tipoRegistro"":""10"",""codPrograma"":""4100"",""codOrgao"":""07"",""codUnidade"":""01"",""codFuncao"":""09"",""codSubFuncao"":""122"",""naturezaAcao"":""4"",""nroProjAtiv"":""201"",""elementoDespesa"":""339039"",""subElemento"":""41"",""nroEmpenho"":""000035"",""modalidadeLicitacao"":""00"",""fundamentacaoLegal"":""00"",""justificativaDispensaInexibilidade"":"""",""razaoEscolha"":"""",""nroProcLicitacao"":""00000000"",""anoProcLicitacao"":""0000"",""nroProcAdmCorrespondente"":"""",""nroInstrumentoContrato"":""000"",""assunto"":""99"",""tpEmpenho"":""01"",""dtEmpenho"":""29012025"",""vlBruto"":""0000003432,00"",""nomeCredor"":""SERVICO SOCIAL DO COMERCIO - SESC - ADMINISTRACAO"",""tipoCredor"":""2"",""cpfCnpj"":""03671444000147"",""especificacaoEmpenho"":""DESPESAS ORIUNDAS DA LICITAÇÃO Nº 045190/25 - PARA  FORNECIMENTO DE REFEIÇÕES PARA GRUPO DE APOSENTADOS E PENSIONISTAS DO INSTITUTO DO SERVIDOR PÚBLICO DE SENADOR CANEDO -SENAPREV"",""cpfRespEmpenho"":""35575859134"",""nomeRespEmpenho"":""ANA MARIA EMOS FERREIRA"",""idColare"":""000000000000000"",""nroSequencial"":""000058"",""content"":[{""tipoRegistro"":""11"",""codPrograma"":""4100"",""codOrgao"":""07"",""codUnidade"":""01"",""codFuncao"":""09"",""codSubFuncao"":""122"",""naturezaAcao"":""4"",""nroProjAtiv"":""201"",""elementoDespesa"":""339039"",""subElemento"":""41"",""contaDeb"":""nan"",""contaCred"":""nan"",""elementoDespesaMSC"":""nan"",""subElementoMSC"":""nan"",""nroEmpenho"":""000035"",""codFontRecursos"":""177000"",""codFontRecursosMSC"":""1802"",""poderOrgao"":""10132"",""codAEO"":""nan"",""vlRecurso"":""0000003432,00"",""nroSequencial"":""000059""},{""tipoRegistro"":""13"",""codPrograma"":""4100"",""codOrgao"":""07"",""codUnidade"":""01"",""codFuncao"":""09"",""codSubFuncao"":""122"",""naturezaAcao"":""4"",""nroProjAtiv"":""201"",""elementoDespesa"":""339039"",""subElemento"":""41"",""nroEmpenho"":""000035"",""codUnidadeContrato"":""01"",""nroContrato"":""00000000000000000000"",""anoContrato"":""2025"",""tipoAjuste"":""1"",""vlAssociadoContrato"":""0000003432,00"",""idColare"":""000000016024652"",""nroSequencial"":""000060""}],""tipoOrgao"":""09""}",0125
184645,"{""tipoRegistro"":""10"",""codPrograma"":""4100"",""codOrgao"":""07"",""codUnidade"":""01"",""codFuncao"":""09"",""codSubFuncao"":""122"",""naturezaAcao"":""4"",""nroProjAtiv"":""201"",""elementoDespesa"":""339039"",""subElemento"":""81"",""nroEmpenho"":""000052"",""modalidadeLicitacao"":""00"",""fundamentacaoLegal"":""00"",""justificativaDispensaInexibilidade"":"""",""razaoEscolha"":"""",""nroProcLicitacao"":""00000000"",""anoProcLicitacao"":""0000"",""nroProcAdmCorrespondente"":"""",""nroInstrumentoContrato"":""000"",""assunto"":""99"",""tpEmpenho"":""01"",""dtEmpenho"":""15012025"",""vlBruto"":""0000000925,06"",""nomeCredor"":""BANCO DO BRASIL SA"",""tipoCredor"":""2"",""cpfCnpj"":""00000000572900"",""especificacaoEmpenho"":""PROVENIENTE TARIFAS BANCARIAS, CONFORME CONTRATO Nº 03.03.22.001/2024, DO SENAPREV COM VIGENTE ATE 22/03/2025."",""cpfRespEmpenho"":""35575859134"",""nomeRespEmpenho"":""ANA MARIA EMOS FERREIRA"",""idColare"":""000000000000000"",""nroSequencial"":""000061"",""content"":[{""tipoRegistro"":""11"",""codPrograma"":""4100"",""codOrgao"":""07"",""codUnidade"":""01"",""codFuncao"":""09"",""codSubFuncao"":""122"",""naturezaAcao"":""4"",""nroProjAtiv"":""201"",""elementoDespesa"":""339039"",""subElemento"":""81"",""contaDeb"":""332313200"",""contaCred"":""213110101"",""elementoDespesaMSC"":""339039"",""subElementoMSC"":""99"",""nroEmpenho"":""000052"",""codFontRecursos"":""177000"",""codFontRecursosMSC"":""1802"",""poderOrgao"":""10132"",""codAEO"":""nan"",""vlRecurso"":""0000000925,06"",""nroSequencial"":""000062""},{""tipoRegistro"":""13"",""codPrograma"":""4100"",""codOrgao"":""07"",""codUnidade"":""01"",""codFuncao"":""09"",""codSubFuncao"":""122"",""naturezaAcao"":""4"",""nroProjAtiv"":""201"",""elementoDespesa"":""339039"",""subElemento"":""81"",""nroEmpenho"":""000052"",""codUnidadeContrato"":""01"",""nroContrato"":""00000000000030322001"",""anoContrato"":""2024"",""tipoAjuste"":""1"",""vlAssociadoContrato"":""0000000925,06"",""idColare"":""000000011846874"",""nroSequencial"":""000063""}],""tipoOrgao"":""09""}",0125
184646,"{""tipoRegistro"":""10"",""codPrograma"":""4100"",""codOrgao"":""07"",""codUnidade"":""01"",""codFuncao"":""09"",""codSubFuncao"":""122"",""naturezaAcao"":""4"",""nroProjAtiv"":""201"",""elementoDespesa"":""339039"",""subElemento"":""05"",""nroEmpenho"":""000055"",""modalidadeLicitacao"":""00"",""fundamentacaoLegal"":""00"",""justificativaDispensaInexibilidade"":"""",""razaoEscolha"":"""",""nroProcLicitacao"":""00000000"",""anoProcLicitacao"":""0000"",""nroProcAdmCorrespondente"":"""",""nroInstrumentoContrato"":""000"",""assunto"":""99"",""tpEmpenho"":""01"",""dtEmpenho"":""21012025"",""vlBruto"":""0000036000,00"",""nomeCredor"":""SETE CAPITAL CONSULTORIA - LTDA"",""tipoCredor"":""2"",""cpfCnpj"":""14057808000110"",""especificacaoEmpenho"":""PROVENIENTE DESPESA COM A CONTRATAÇÃO DE CONSULTORIA E ASSESSORIA DE INVESTIMENTOS, CREDENCIADA JUNTO A CVM, CONFORME CONTRATO Nº 07.0.09.001/2020,VIGENTE ATE 07/10/2025."",""cpfRespEmpenho"":""35575859134"",""nomeRespEmpenho"":""ANA MARIA EMOS FERREIRA"",""idColare"":""000000000000000"",""nroSequencial"":""000064"",""content"":[{""tipoRegistro"":""11"",""codPrograma"":""4100"",""codOrgao"":""07"",""codUnidade"":""01"",""codFuncao"":""09"",""codSubFuncao"":""122"",""naturezaAcao"":""4"",""nroProjAtiv"":""201"",""elementoDespesa"":""339039"",""subElemento"":""05"",""contaDeb"":""332315100"",""contaCred"":""213110101"",""elementoDespesaMSC"":""339039"",""subElementoMSC"":""99"",""nroEmpenho"":""000055"",""codFontRecursos"":""177000"",""codFontRecursosMSC"":""1802"",""poderOrgao"":""10132"",""codAEO"":""nan"",""vlRecurso"":""0000036000,00"",""nroSequencial"":""000065""},{""tipoRegistro"":""13"",""codPrograma"":""4100"",""codOrgao"":""07"",""codUnidade"":""01"",""codFuncao"":""09"",""codSubFuncao"":""122"",""naturezaAcao"":""4"",""nroProjAtiv"":""201"",""elementoDespesa"":""339039"",""subElemento"":""05"",""nroEmpenho"":""000055"",""codUnidadeContrato"":""01"",""nroContrato"":""00000000710090012021"",""anoContrato"":""2021"",""tipoAjuste"":""1"",""vlAssociadoContrato"":""0000036000,00"",""idColare"":""000000000683977"",""nroSequencial"":""000066""}],""tipoOrgao"":""09""}",0125
184647,"{""tipoRegistro"":""10"",""codPrograma"":""4100"",""codOrgao"":""07"",""codUnidade"":""01"",""codFuncao"":""09"",""codSubFuncao"":""122"",""naturezaAcao"":""4"",""nroProjAtiv"":""201"",""elementoDespesa"":""339040"",""subElemento"":""03"",""nroEmpenho"":""000049"",""modalidadeLicitacao"":""00"",""fundamentacaoLegal"":""00"",""justificativaDispensaInexibilidade"":"""",""razaoEscolha"":"""",""nroProcLicitacao"":""00000000"",""anoProcLicitacao"":""0000"",""nroProcAdmCorrespondente"":"""",""nroInstrumentoContrato"":""000"",""assunto"":""99"",""tpEmpenho"":""01"",""dtEmpenho"":""28012025"",""vlBruto"":""0000026768,88"",""nomeCredor"":""FORTE PONTES TECNOLOGIA EM SERVIÇOS LTDA"",""tipoCredor"":""2"",""cpfCnpj"":""17197275000160"",""especificacaoEmpenho"":""DESPESA COM 4 TERMO ADITIVO AO CONTRATO Nº 07.09.15.001/2021, LOCAÇAO DE SOFTWARE DE GESTÃO PUBLICA COM MODULOS INTEGRADOS, PREGAO Nº 104/2021, VIGENTE ATE 14/09/2025. PROCESSO 1D 11597/2024"",""cpfRespEmpenho"":""35575859134"",""nomeRespEmpenho"":""ANA MARIA EMOS FERREIRA"",""idColare"":""000000000000000"",""nroSequencial"":""000067"",""content"":[{""tipoRegistro"":""11"",""codPrograma"":""4100"",""codOrgao"":""07"",""codUnidade"":""01"",""codFuncao"":""09"",""codSubFuncao"":""122"",""naturezaAcao"":""4"",""nroProjAtiv"":""201"",""elementoDespesa"":""339040"",""subElemento"":""03"",""contaDeb"":""332311100"",""contaCred"":""213110101"",""elementoDespesaMSC"":""339040"",""subElementoMSC"":""99"",""nroEmpenho"":""000049"",""codFontRecursos"":""177000"",""codFontRecursosMSC"":""1802"",""poderOrgao"":""10132"",""codAEO"":""nan"",""vlRecurso"":""0000026768,88"",""nroSequencial"":""000068""},{""tipoRegistro"":""13"",""codPrograma"":""4100"",""codOrgao"":""07"",""codUnidade"":""01"",""codFuncao"":""09"",""codSubFuncao"":""122"",""naturezaAcao"":""4"",""nroProjAtiv"":""201"",""elementoDespesa"":""339040"",""subElemento"":""03"",""nroEmpenho"":""000049"",""codUnidadeContrato"":""01"",""nroContrato"":""00000000709150012021"",""anoContrato"":""2021"",""tipoAjuste"":""1"",""vlAssociadoContrato"":""0000026768,88"",""idColare"":""000000003311691"",""nroSequencial"":""000069""}],""tipoOrgao"":""09""}",0125
184648,"{""tipoRegistro"":""10"",""codPrograma"":""4100"",""codOrgao"":""07"",""codUnidade"":""01"",""codFuncao"":""09"",""codSubFuncao"":""122"",""naturezaAcao"":""4"",""nroProjAtiv"":""201"",""elementoDespesa"":""339040"",""subElemento"":""01"",""nroEmpenho"":""000051"",""modalidadeLicitacao"":""00"",""fundamentacaoLegal"":""00"",""justificativaDispensaInexibilidade"":"""",""razaoEscolha"":"""",""nroProcLicitacao"":""00000000"",""anoProcLicitacao"":""0000"",""nroProcAdmCorrespondente"":"""",""nroInstrumentoContrato"":""000"",""assunto"":""99"",""tpEmpenho"":""01"",""dtEmpenho"":""20012025"",""vlBruto"":""0000001431,00"",""nomeCredor"":""IBDM MODERNIZACAO, ASSESSORIA E CONSULTORIA LTDA"",""tipoCredor"":""2"",""cpfCnpj"":""10442698000159"",""especificacaoEmpenho"":""DESPESA COM CONTRATACAO DE EMPRESA ESPECIALIZADA NA MANUTENCAO MENSAL DE WEB SITE INSTITUCIONAL, PORTAL INTEGRADO, HOSPEDAGEM DE E-MAILS, HOSPEDAGEM DE SITE E SUPORTE TECNICO DE TRANSPARENCIA, COM VIGENCIA ATE 27/02/2025. PROCESSO 1DOC 1.165/2024."",""cpfRespEmpenho"":""35575859134"",""nomeRespEmpenho"":""ANA MARIA EMOS FERREIRA"",""idColare"":""000000000000000"",""nroSequencial"":""000070"",""content"":[{""tipoRegistro"":""11"",""codPrograma"":""4100"",""codOrgao"":""07"",""codUnidade"":""01"",""codFuncao"":""09"",""codSubFuncao"":""122"",""naturezaAcao"":""4"",""nroProjAtiv"":""201"",""elementoDespesa"":""339040"",""subElemento"":""01"",""contaDeb"":""332311100"",""contaCred"":""213110101"",""elementoDespesaMSC"":""339040"",""subElementoMSC"":""99"",""nroEmpenho"":""000051"",""codFontRecursos"":""177000"",""codFontRecursosMSC"":""1802"",""poderOrgao"":""10132"",""codAEO"":""nan"",""vlRecurso"":""0000001431,00"",""nroSequencial"":""000071""},{""tipoRegistro"":""13"",""codPrograma"":""4100"",""codOrgao"":""07"",""codUnidade"":""01"",""codFuncao"":""09"",""codSubFuncao"":""122"",""naturezaAcao"":""4"",""nroProjAtiv"":""201"",""elementoDespesa"":""339040"",""subElemento"":""01"",""nroEmpenho"":""000051"",""codUnidadeContrato"":""01"",""nroContrato"":""00000000000000000000"",""anoContrato"":""2025"",""tipoAjuste"":""1"",""vlAssociadoContrato"":""0000001431,00"",""idColare"":""000000016255406"",""nroSequencial"":""000072""}],""tipoOrgao"":""09""}",0125
184649,"{""tipoRegistro"":""10"",""codPrograma"":""4100"",""codOrgao"":""07"",""codUnidade"":""01"",""codFuncao"":""09"",""codSubFuncao"":""122"",""naturezaAcao"":""4"",""nroProjAtiv"":""201"",""elementoDespesa"":""339040"",""subElemento"":""04"",""nroEmpenho"":""000053"",""modalidadeLicitacao"":""00"",""fundamentacaoLegal"":""00"",""justificativaDispensaInexibilidade"":"""",""razaoEscolha"":"""",""nroProcLicitacao"":""00000000"",""anoProcLicitacao"":""0000"",""nroProcAdmCorrespondente"":"""",""nroInstrumentoContrato"":""000"",""assunto"":""99"",""tpEmpenho"":""01"",""dtEmpenho"":""23012025"",""vlBruto"":""0000003625,00"",""nomeCredor"":""AR EXPANSAO DIGITAL LTDA"",""tipoCredor"":""2"",""cpfCnpj"":""26444946000130"",""especificacaoEmpenho"":""PROVENIENTE DESPESA COM CONTRATACAO PARA PRESTACAO CONTINUADA DE SERVICOS TECNICOS ESPECIALIZADOS EM SOFTWARE DE LICENCIAMENTO DE GUIAS, PRESTACAO DE CONTAS E ACOMPANHAMENTO DAS CONTRIBUICOES PREVIDENCIARIAS, CONFORME CONTRATO Nº. 07.02.22.001/2024, COM V"",""cpfRespEmpenho"":""35575859134"",""nomeRespEmpenho"":""ANA MARIA EMOS FERREIRA"",""idColare"":""000000000000000"",""nroSequencial"":""000073"",""content"":[{""tipoRegistro"":""11"",""codPrograma"":""4100"",""codOrgao"":""07"",""codUnidade"":""01"",""codFuncao"":""09"",""codSubFuncao"":""122"",""naturezaAcao"":""4"",""nroProjAtiv"":""201"",""elementoDespesa"":""339040"",""subElemento"":""04"",""contaDeb"":""332311100"",""contaCred"":""213110101"",""elementoDespesaMSC"":""339040"",""subElementoMSC"":""06"",""nroEmpenho"":""000053"",""codFontRecursos"":""177000"",""codFontRecursosMSC"":""1802"",""poderOrgao"":""10132"",""codAEO"":""nan"",""vlRecurso"":""0000003625,00"",""nroSequencial"":""000074""},{""tipoRegistro"":""13"",""codPrograma"":""4100"",""codOrgao"":""07"",""codUnidade"":""01"",""codFuncao"":""09"",""codSubFuncao"":""122"",""naturezaAcao"":""4"",""nroProjAtiv"":""201"",""elementoDespesa"":""339040"",""subElemento"":""04"",""nroEmpenho"":""000053"",""codUnidadeContrato"":""01"",""nroContrato"":""00000000000070222001"",""anoContrato"":""2024"",""tipoAjuste"":""1"",""vlAssociadoContrato"":""0000003625,00"",""idColare"":""000000012810090"",""nroSequencial"":""000075""}],""tipoOrgao"":""09""}",0125
184650,"{""tipoRegistro"":""10"",""codPrograma"":""4100"",""codOrgao"":""07"",""codUnidade"":""01"",""codFuncao"":""09"",""codSubFuncao"":""122"",""naturezaAcao"":""4"",""nroProjAtiv"":""201"",""elementoDespesa"":""339040"",""subElemento"":""04"",""nroEmpenho"":""000059"",""modalidadeLicitacao"":""00"",""fundamentacaoLegal"":""00"",""justificativaDispensaInexibilidade"":"""",""razaoEscolha"":"""",""nroProcLicitacao"":""00000000"",""anoProcLicitacao"":""0000"",""nroProcAdmCorrespondente"":"""",""nroInstrumentoContrato"":""000"",""assunto"":""99"",""tpEmpenho"":""01"",""dtEmpenho"":""16012025"",""vlBruto"":""0000003662,50"",""nomeCredor"":""MAINDOC GESTÃO DIGITAL LTDA"",""tipoCredor"":""2"",""cpfCnpj"":""23447382000100"",""especificacaoEmpenho"":""PROVENIENTE DESPESAS ORIUNDAS DO RESULTADO DA LICITAÇÃO MODALIDADE : DISPENSA  - LICENCIAMENTO DE USO DE SOFTWARE  DE SISTEMA ."",""cpfRespEmpenho"":""35575859134"",""nomeRespEmpenho"":""ANA MARIA EMOS FERREIRA"",""idColare"":""000000000000000"",""nroSequencial"":""000076"",""content"":[{""tipoRegistro"":""11"",""codPrograma"":""4100"",""codOrgao"":""07"",""codUnidade"":""01"",""codFuncao"":""09"",""codSubFuncao"":""122"",""naturezaAcao"":""4"",""nroProjAtiv"":""201"",""elementoDespesa"":""339040"",""subElemento"":""04"",""contaDeb"":""332311100"",""contaCred"":""213110101"",""elementoDespesaMSC"":""339040"",""subElementoMSC"":""06"",""nroEmpenho"":""000059"",""codFontRecursos"":""177000"",""codFontRecursosMSC"":""1802"",""poderOrgao"":""10132"",""codAEO"":""nan"",""vlRecurso"":""0000003662,50"",""nroSequencial"":""000077""},{""tipoRegistro"":""13"",""codPrograma"":""4100"",""codOrgao"":""07"",""codUnidade"":""01"",""codFuncao"":""09"",""codSubFuncao"":""122"",""naturezaAcao"":""4"",""nroProjAtiv"":""201"",""elementoDespesa"":""339040"",""subElemento"":""04"",""nroEmpenho"":""000059"",""codUnidadeContrato"":""01"",""nroContrato"":""00000000000000000000"",""anoContrato"":""2025"",""tipoAjuste"":""1"",""vlAssociadoContrato"":""0000003662,50"",""idColare"":""000000016255438"",""nroSequencial"":""000078""}],""tipoOrgao"":""09""}",0125
184651,"{""tipoRegistro"":""10"",""codPrograma"":""4100"",""codOrgao"":""07"",""codUnidade"":""01"",""codFuncao"":""09"",""codSubFuncao"":""122"",""naturezaAcao"":""4"",""nroProjAtiv"":""201"",""elementoDespesa"":""339040"",""subElemento"":""18"",""nroEmpenho"":""000067"",""modalidadeLicitacao"":""00"",""fundamentacaoLegal"":""00"",""justificativaDispensaInexibilidade"":"""",""razaoEscolha"":"""",""nroProcLicitacao"":""00000000"",""anoProcLicitacao"":""0000"",""nroProcAdmCorrespondente"":"""",""nroInstrumentoContrato"":""000"",""assunto"":""99"",""tpEmpenho"":""01"",""dtEmpenho"":""28012025"",""vlBruto"":""0000014400,00"",""nomeCredor"":""EMPRESA DE TECNOLOGIA E INFORMACOES DA PREVIDENCIA"",""tipoCredor"":""2"",""cpfCnpj"":""42422253000101"",""especificacaoEmpenho"":""DESEPSAS PROVENIENTE DE PROCESSO LICITARIO : 134097/21 -DE DO EXERCICIO DE 2021 INEXIGIBILIDADE - NA  CONTRATAÇÃO DE SERVIÇO ESPECIALIZADOS DE EMPRESA DE TECNOLOGIA E INFORMAÇÕES PREVIDENCIA  DATAPREV  O QUAL SERÁ UTILIZADO O MUDULO COMPREV"",""cpfRespEmpenho"":""35575859134"",""nomeRespEmpenho"":""ANA MARIA EMOS FERREIRA"",""idColare"":""000000000000000"",""nroSequencial"":""000079"",""content"":[{""tipoRegistro"":""11"",""codPrograma"":""4100"",""codOrgao"":""07"",""codUnidade"":""01"",""codFuncao"":""09"",""codSubFuncao"":""122"",""naturezaAcao"":""4"",""nroProjAtiv"":""201"",""elementoDespesa"":""339040"",""subElemento"":""18"",""contaDeb"":""332311100"",""contaCred"":""213110101"",""elementoDespesaMSC"":""339040"",""subElementoMSC"":""99"",""nroEmpenho"":""000067"",""codFontRecursos"":""177000"",""codFontRecursosMSC"":""1802"",""poderOrgao"":""10132"",""codAEO"":""nan"",""vlRecurso"":""0000014400,00"",""nroSequencial"":""000080""},{""tipoRegistro"":""13"",""codPrograma"":""4100"",""codOrgao"":""07"",""codUnidade"":""01"",""codFuncao"":""09"",""codSubFuncao"":""122"",""naturezaAcao"":""4"",""nroProjAtiv"":""201"",""elementoDespesa"":""339040"",""subElemento"":""18"",""nroEmpenho"":""000067"",""codUnidadeContrato"":""01"",""nroContrato"":""00000000000000005599"",""anoContrato"":""2018"",""tipoAjuste"":""1"",""vlAssociadoContrato"":""0000014400,00"",""idColare"":""000000004074477"",""nroSequencial"":""000081""}],""tipoOrgao"":""09""}",0125
184652,"{""tipoRegistro"":""10"",""codPrograma"":""4100"",""codOrgao"":""07"",""codUnidade"":""01"",""codFuncao"":""09"",""codSubFuncao"":""122"",""naturezaAcao"":""4"",""nroProjAtiv"":""201"",""elementoDespesa"":""339047"",""subElemento"":""00"",""nroEmpenho"":""000004"",""modalidadeLicitacao"":""00"",""fundamentacaoLegal"":""00"",""justificativaDispensaInexibilidade"":"""",""razaoEscolha"":"""",""nroProcLicitacao"":""00000000"",""anoProcLicitacao"":""0000"",""nroProcAdmCorrespondente"":""00000000000196672024"",""nroInstrumentoContrato"":""000"",""assunto"":""99"",""tpEmpenho"":""01"",""dtEmpenho"":""13012025"",""vlBruto"":""0001560000,00"",""nomeCredor"":""DELEGACIA DA RECEITA FEDERAL DE GOIAS"",""tipoCredor"":""2"",""cpfCnpj"":""00394460016145"",""especificacaoEmpenho"":""DESEPESAS COM CONTRIBUIÇAO AO PASEP CONFORME PROCESSO 19667/2024  PARA O EXERCICIO DE 2025 .."",""cpfRespEmpenho"":""35575859134"",""nomeRespEmpenho"":""ANA MARIA EMOS FERREIRA"",""idColare"":""000000000000000"",""nroSequencial"":""000082"",""content"":[{""tipoRegistro"":""11"",""codPrograma"":""4100"",""codOrgao"":""07"",""codUnidade"":""01"",""codFuncao"":""09"",""codSubFuncao"":""122"",""naturezaAcao"":""4"",""nroProjAtiv"":""201"",""elementoDespesa"":""339047"",""subElemento"":""00"",""contaDeb"":""372919900"",""contaCred"":""213110301"",""elementoDespesaMSC"":""339047"",""subElementoMSC"":""00"",""nroEmpenho"":""000004"",""codFontRecursos"":""177000"",""codFontRecursosMSC"":""1802"",""poderOrgao"":""10132"",""codAEO"":""nan"",""vlRecurso"":""0001560000,00"",""nroSequencial"":""000083""}],""tipoOrgao"":""09""}",0125
184653,"{""tipoRegistro"":""10"",""codPrograma"":""4100"",""codOrgao"":""07"",""codUnidade"":""01"",""codFuncao"":""09"",""codSubFuncao"":""122"",""naturezaAcao"":""4"",""nroProjAtiv"":""201"",""elementoDespesa"":""339049"",""subElemento"":""00"",""nroEmpenho"":""000013"",""modalidadeLicitacao"":""00"",""fundamentacaoLegal"":""00"",""justificativaDispensaInexibilidade"":"""",""razaoEscolha"":"""",""nroProcLicitacao"":""00000000"",""anoProcLicitacao"":""0000"",""nroProcAdmCorrespondente"":""00000000000087392025"",""nroInstrumentoContrato"":""000"",""assunto"":""99"",""tpEmpenho"":""01"",""dtEmpenho"":""29012025"",""vlBruto"":""0000001040,60"",""nomeCredor"":""INSTITUTO DE PREVIDENCIA DO SERV  PUB  DE SENADOR"",""tipoCredor"":""2"",""cpfCnpj"":""04927847000177"",""especificacaoEmpenho"":""DESPESA COM FOLHA DE PAGAMENTO - NORMAL - REF.: 01/2025 - Folha Mensal ID:(610)."",""cpfRespEmpenho"":""35575859134"",""nomeRespEmpenho"":""ANA MARIA EMOS FERREIRA"",""idColare"":""000000000000000"",""nroSequencial"":""000084"",""content"":[{""tipoRegistro"":""11"",""codPrograma"":""4100"",""codOrgao"":""07"",""codUnidade"":""01"",""codFuncao"":""09"",""codSubFuncao"":""122"",""naturezaAcao"":""4"",""nroProjAtiv"":""201"",""elementoDespesa"":""339049"",""subElemento"":""00"",""contaDeb"":""332311200"",""contaCred"":""213110301"",""elementoDespesaMSC"":""339049"",""subElementoMSC"":""00"",""nroEmpenho"":""000013"",""codFontRecursos"":""177000"",""codFontRecursosMSC"":""1802"",""poderOrgao"":""10132"",""codAEO"":""nan"",""vlRecurso"":""0000001040,60"",""nroSequencial"":""000085""}],""tipoOrgao"":""09""}",0125
184654,"{""tipoRegistro"":""10"",""codPrograma"":""4100"",""codOrgao"":""07"",""codUnidade"":""01"",""codFuncao"":""09"",""codSubFuncao"":""122"",""naturezaAcao"":""4"",""nroProjAtiv"":""201"",""elementoDespesa"":""339093"",""subElemento"":""00"",""nroEmpenho"":""000027"",""modalidadeLicitacao"":""00"",""fundamentacaoLegal"":""00"",""justificativaDispensaInexibilidade"":"""",""razaoEscolha"":"""",""nroProcLicitacao"":""00000000"",""anoProcLicitacao"":""0000"",""nroProcAdmCorrespondente"":""00000000000078602024"",""nroInstrumentoContrato"":""000"",""assunto"":""99"",""tpEmpenho"":""01"",""dtEmpenho"":""06012025"",""vlBruto"":""0000001560,00"",""nomeCredor"":""GOIAS PREVIDENCIA - GOIASPREV"",""tipoCredor"":""2"",""cpfCnpj"":""11991625000189"",""especificacaoEmpenho"":""PROVENIENTE COMPENSAÇÃO PREVIDÊNCIARIA PARA  GOIÁS PREVIDÊNCIA / GOIASPREV - REF. EXERCÍCIO/2025."",""cpfRespEmpenho"":""35575859134"",""nomeRespEmpenho"":""ANA MARIA EMOS FERREIRA"",""idColare"":""000000000000000"",""nroSequencial"":""000086"",""content"":[{""tipoRegistro"":""11"",""codPrograma"":""4100"",""codOrgao"":""07"",""codUnidade"":""01"",""codFuncao"":""09"",""codSubFuncao"":""122"",""naturezaAcao"":""4"",""nroProjAtiv"":""201"",""elementoDespesa"":""339093"",""subElemento"":""00"",""contaDeb"":""399610000"",""contaCred"":""218910102"",""elementoDespesaMSC"":""339093"",""subElementoMSC"":""99"",""nroEmpenho"":""000027"",""codFontRecursos"":""103000"",""codFontRecursosMSC"":""1800"",""poderOrgao"":""10132"",""codAEO"":""1111"",""vlRecurso"":""0000001560,00"",""nroSequencial"":""000087""}],""tipoOrgao"":""09""}",0125
184655,"{""tipoRegistro"":""10"",""codPrograma"":""4100"",""codOrgao"":""07"",""codUnidade"":""01"",""codFuncao"":""09"",""codSubFuncao"":""122"",""naturezaAcao"":""4"",""nroProjAtiv"":""201"",""elementoDespesa"":""339093"",""subElemento"":""00"",""nroEmpenho"":""000028"",""modalidadeLicitacao"":""00"",""fundamentacaoLegal"":""00"",""justificativaDispensaInexibilidade"":"""",""razaoEscolha"":"""",""nroProcLicitacao"":""00000000"",""anoProcLicitacao"":""0000"",""nroProcAdmCorrespondente"":""00000000000078602024"",""nroInstrumentoContrato"":""000"",""assunto"":""99"",""tpEmpenho"":""01"",""dtEmpenho"":""06012025"",""vlBruto"":""0000007800,00"",""nomeCredor"":""COORDENAÇAO G DE ORCAMENTO FIANCAS E CONT FRGPS"",""tipoCredor"":""2"",""cpfCnpj"":""16727230000197"",""especificacaoEmpenho"":""PROVENIENTE COMPENSAÇÃO PREVIDÊNCIARIA PARA COORDENAÇÃO GESTÃO DE ORÇAMENTO FIANÇAS E CONT. F. RGPS - REF. EXERCÍCIO/2025."",""cpfRespEmpenho"":""35575859134"",""nomeRespEmpenho"":""ANA MARIA EMOS FERREIRA"",""idColare"":""000000000000000"",""nroSequencial"":""000088"",""content"":[{""tipoRegistro"":""11"",""codPrograma"":""4100"",""codOrgao"":""07"",""codUnidade"":""01"",""codFuncao"":""09"",""codSubFuncao"":""122"",""naturezaAcao"":""4"",""nroProjAtiv"":""201"",""elementoDespesa"":""339093"",""subElemento"":""00"",""contaDeb"":""399610000"",""contaCred"":""218910102"",""elementoDespesaMSC"":""339093"",""subElementoMSC"":""99"",""nroEmpenho"":""000028"",""codFontRecursos"":""103000"",""codFontRecursosMSC"":""1800"",""poderOrgao"":""10132"",""codAEO"":""1111"",""vlRecurso"":""0000007800,00"",""nroSequencial"":""000089""}],""tipoOrgao"":""09""}",0125
184656,"{""tipoRegistro"":""10"",""codPrograma"":""4100"",""codOrgao"":""07"",""codUnidade"":""01"",""codFuncao"":""09"",""codSubFuncao"":""122"",""naturezaAcao"":""4"",""nroProjAtiv"":""201"",""elementoDespesa"":""339093"",""subElemento"":""00"",""nroEmpenho"":""000025"",""modalidadeLicitacao"":""00"",""fundamentacaoLegal"":""00"",""justificativaDispensaInexibilidade"":"""",""razaoEscolha"":"""",""nroProcLicitacao"":""00000000"",""anoProcLicitacao"":""0000"",""nroProcAdmCorrespondente"":""00000000000000968524"",""nroInstrumentoContrato"":""000"",""assunto"":""99"",""tpEmpenho"":""01"",""dtEmpenho"":""06012025"",""vlBruto"":""0000010000,00"",""nomeCredor"":""IPSM  INST DE PREV DOS SERVIDORES MUN DE GOIANIA"",""tipoCredor"":""2"",""cpfCnpj"":""08948407000157"",""especificacaoEmpenho"":""PROVENIENTE COMPENSAÇÃO PREVIDÊNCIARIA PARA INSTITUTO DE PREVIDÊNCIA DOS SERVIDORES DO MUNICÍPIO DE GOIÃNIA - IPSM / REF. EXERCÍCIO/2025."",""cpfRespEmpenho"":""35575859134"",""nomeRespEmpenho"":""ANA MARIA EMOS FERREIRA"",""idColare"":""000000000000000"",""nroSequencial"":""000090"",""content"":[{""tipoRegistro"":""11"",""codPrograma"":""4100"",""codOrgao"":""07"",""codUnidade"":""01"",""codFuncao"":""09"",""codSubFuncao"":""122"",""naturezaAcao"":""4"",""nroProjAtiv"":""201"",""elementoDespesa"":""339093"",""subElemento"":""00"",""contaDeb"":""399610000"",""contaCred"":""218910102"",""elementoDespesaMSC"":""339093"",""subElementoMSC"":""99"",""nroEmpenho"":""000025"",""codFontRecursos"":""103000"",""codFontRecursosMSC"":""1800"",""poderOrgao"":""10132"",""codAEO"":""1111"",""vlRecurso"":""0000010000,00"",""nroSequencial"":""000091""}],""tipoOrgao"":""09""}",0125
184657,"{""tipoRegistro"":""10"",""codPrograma"":""4100"",""codOrgao"":""07"",""codUnidade"":""01"",""codFuncao"":""09"",""codSubFuncao"":""122"",""naturezaAcao"":""4"",""nroProjAtiv"":""201"",""elementoDespesa"":""469071"",""subElemento"":""01"",""nroEmpenho"":""000003"",""modalidadeLicitacao"":""00"",""fundamentacaoLegal"":""00"",""justificativaDispensaInexibilidade"":"""",""razaoEscolha"":"""",""nroProcLicitacao"":""00000000"",""anoProcLicitacao"":""0000"",""nroProcAdmCorrespondente"":""00000000000120952017"",""nroInstrumentoContrato"":""000"",""assunto"":""99"",""tpEmpenho"":""02"",""dtEmpenho"":""13012025"",""vlBruto"":""0000096000,00"",""nomeCredor"":""MINISTERIO DA FAZENDA"",""tipoCredor"":""2"",""cpfCnpj"":""00394460000141"",""especificacaoEmpenho"":""DEPESAS COM PARCELAMENTO DO PASEP CONFORME TERMO DE PARCELAMETO NO PROCESSO 12055/2017 PARA O EXERCICO DE 2025."",""cpfRespEmpenho"":""35575859134"",""nomeRespEmpenho"":""ANA MARIA EMOS FERREIRA"",""idColare"":""000000000000000"",""nroSequencial"":""000092"",""content"":[{""tipoRegistro"":""11"",""codPrograma"":""4100"",""codOrgao"":""07"",""codUnidade"":""01"",""codFuncao"":""09"",""codSubFuncao"":""122"",""naturezaAcao"":""4"",""nroProjAtiv"":""201"",""elementoDespesa"":""469071"",""subElemento"":""01"",""contaDeb"":""nan"",""contaCred"":""nan"",""elementoDespesaMSC"":""nan"",""subElementoMSC"":""nan"",""nroEmpenho"":""000003"",""codFontRecursos"":""177000"",""codFontRecursosMSC"":""1802"",""poderOrgao"":""10132"",""codAEO"":""nan"",""vlRecurso"":""0000096000,00"",""nroSequencial"":""000093""}],""tipoOrgao"":""09""}",0125
184658,"{""tipoRegistro"":""10"",""codPrograma"":""4152"",""codOrgao"":""07"",""codUnidade"":""01"",""codFuncao"":""09"",""codSubFuncao"":""272"",""naturezaAcao"":""2"",""nroProjAtiv"":""008"",""elementoDespesa"":""319001"",""subElemento"":""01"",""nroEmpenho"":""000018"",""modalidadeLicitacao"":""00"",""fundamentacaoLegal"":""00"",""justificativaDispensaInexibilidade"":"""",""razaoEscolha"":"""",""nroProcLicitacao"":""00000000"",""anoProcLicitacao"":""0000"",""nroProcAdmCorrespondente"":""00000000000087392025"",""nroInstrumentoContrato"":""000"",""assunto"":""99"",""tpEmpenho"":""01"",""dtEmpenho"":""29012025"",""vlBruto"":""0002403882,60"",""nomeCredor"":""INSTITUTO DE PREVIDENCIA DO SERV  PUB  DE SENADOR"",""tipoCredor"":""2"",""cpfCnpj"":""04927847000177"",""especificacaoEmpenho"":""DESPESA COM FOLHA DE PAGAMENTO - NORMAL - REF.: 01/2025 - Folha Mensal ID:(610)."",""cpfRespEmpenho"":""35575859134"",""nomeRespEmpenho"":""ANA MARIA EMOS FERREIRA"",""idColare"":""000000016236481"",""nroSequencial"":""000094"",""content"":[{""tipoRegistro"":""11"",""codPrograma"":""4152"",""codOrgao"":""07"",""codUnidade"":""01"",""codFuncao"":""09"",""codSubFuncao"":""272"",""naturezaAcao"":""2"",""nroProjAtiv"":""008"",""elementoDespesa"":""319001"",""subElemento"":""01"",""contaDeb"":""nan"",""contaCred"":""nan"",""elementoDespesaMSC"":""nan"",""subElementoMSC"":""nan"",""nroEmpenho"":""000018"",""codFontRecursos"":""103000"",""codFontRecursosMSC"":""1800"",""poderOrgao"":""10132"",""codAEO"":""1111"",""vlRecurso"":""0002403882,60"",""nroSequencial"":""000095""}],""tipoOrgao"":""09""}",0125
184659,"{""tipoRegistro"":""10"",""codPrograma"":""4152"",""codOrgao"":""07"",""codUnidade"":""01"",""codFuncao"":""09"",""codSubFuncao"":""272"",""naturezaAcao"":""2"",""nroProjAtiv"":""008"",""elementoDespesa"":""319001"",""subElemento"":""01"",""nroEmpenho"":""000032"",""modalidadeLicitacao"":""00"",""fundamentacaoLegal"":""00"",""justificativaDispensaInexibilidade"":"""",""razaoEscolha"":"""",""nroProcLicitacao"":""00000000"",""anoProcLicitacao"":""0000"",""nroProcAdmCorrespondente"":""00000000000087562025"",""nroInstrumentoContrato"":""000"",""assunto"":""99"",""tpEmpenho"":""01"",""dtEmpenho"":""29012025"",""vlBruto"":""0000175922,09"",""nomeCredor"":""INSTITUTO DE PREVIDENCIA DO SERV  PUB  DE SENADOR"",""tipoCredor"":""2"",""cpfCnpj"":""04927847000177"",""especificacaoEmpenho"":""PROVENIENTE DESPESA COM 13º. SALÁRIO/2025 DA COMPETÊNCIA 01/2025 DOS APOSENTADO DO SENAPREV."",""cpfRespEmpenho"":""35575859134"",""nomeRespEmpenho"":""ANA MARIA EMOS FERREIRA"",""idColare"":""000000016236481"",""nroSequencial"":""000096"",""content"":[{""tipoRegistro"":""11"",""codPrograma"":""4152"",""codOrgao"":""07"",""codUnidade"":""01"",""codFuncao"":""09"",""codSubFuncao"":""272"",""naturezaAcao"":""2"",""nroProjAtiv"":""008"",""elementoDespesa"":""319001"",""subElemento"":""01"",""contaDeb"":""nan"",""contaCred"":""nan"",""elementoDespesaMSC"":""nan"",""subElementoMSC"":""nan"",""nroEmpenho"":""000032"",""codFontRecursos"":""103000"",""codFontRecursosMSC"":""1800"",""poderOrgao"":""10132"",""codAEO"":""1111"",""vlRecurso"":""0000175922,09"",""nroSequencial"":""000097""}],""tipoOrgao"":""09""}",0125
184660,"{""tipoRegistro"":""10"",""codPrograma"":""4152"",""codOrgao"":""07"",""codUnidade"":""01"",""codFuncao"":""09"",""codSubFuncao"":""272"",""naturezaAcao"":""2"",""nroProjAtiv"":""008"",""elementoDespesa"":""319001"",""subElemento"":""01"",""nroEmpenho"":""000033"",""modalidadeLicitacao"":""00"",""fundamentacaoLegal"":""00"",""justificativaDispensaInexibilidade"":"""",""razaoEscolha"":"""",""nroProcLicitacao"":""00000000"",""anoProcLicitacao"":""0000"",""nroProcAdmCorrespondente"":""00000000000087562025"",""nroInstrumentoContrato"":""000"",""assunto"":""99"",""tpEmpenho"":""01"",""dtEmpenho"":""29012025"",""vlBruto"":""0000001518,00"",""nomeCredor"":""INSTITUTO DE PREVIDENCIA DO SERV  PUB  DE SENADOR"",""tipoCredor"":""2"",""cpfCnpj"":""04927847000177"",""especificacaoEmpenho"":""PROVENIENTE DESPESA COM 13º. SALÁRIO/2025 DA COMPETÊNCIA 01/2025 DOS ADMISSÃO ANTERIOR A 05/10/98 DO SENAPREV."",""cpfRespEmpenho"":""35575859134"",""nomeRespEmpenho"":""ANA MARIA EMOS FERREIRA"",""idColare"":""000000016236481"",""nroSequencial"":""000098"",""content"":[{""tipoRegistro"":""11"",""codPrograma"":""4152"",""codOrgao"":""07"",""codUnidade"":""01"",""codFuncao"":""09"",""codSubFuncao"":""272"",""naturezaAcao"":""2"",""nroProjAtiv"":""008"",""elementoDespesa"":""319001"",""subElemento"":""01"",""contaDeb"":""nan"",""contaCred"":""nan"",""elementoDespesaMSC"":""nan"",""subElementoMSC"":""nan"",""nroEmpenho"":""000033"",""codFontRecursos"":""103000"",""codFontRecursosMSC"":""1800"",""poderOrgao"":""10132"",""codAEO"":""1111"",""vlRecurso"":""0000001518,00"",""nroSequencial"":""000099""}],""tipoOrgao"":""09""}",0125
184661,"{""tipoRegistro"":""10"",""codPrograma"":""4152"",""codOrgao"":""07"",""codUnidade"":""01"",""codFuncao"":""09"",""codSubFuncao"":""272"",""naturezaAcao"":""2"",""nroProjAtiv"":""008"",""elementoDespesa"":""319003"",""subElemento"":""01"",""nroEmpenho"":""000016"",""modalidadeLicitacao"":""00"",""fundamentacaoLegal"":""00"",""justificativaDispensaInexibilidade"":"""",""razaoEscolha"":"""",""nroProcLicitacao"":""00000000"",""anoProcLicitacao"":""0000"",""nroProcAdmCorrespondente"":""00000000000087392025"",""nroInstrumentoContrato"":""000"",""assunto"":""99"",""tpEmpenho"":""01"",""dtEmpenho"":""29012025"",""vlBruto"":""0000368923,71"",""nomeCredor"":""INSTITUTO DE PREVIDENCIA DO SERV  PUB  DE SENADOR"",""tipoCredor"":""2"",""cpfCnpj"":""04927847000177"",""especificacaoEmpenho"":""DESPESA COM FOLHA DE PAGAMENTO - NORMAL - REF.: 01/2025 - Folha Mensal ID:(610)."",""cpfRespEmpenho"":""35575859134"",""nomeRespEmpenho"":""ANA MARIA EMOS FERREIRA"",""idColare"":""000000016236481"",""nroSequencial"":""000100"",""content"":[{""tipoRegistro"":""11"",""codPrograma"":""4152"",""codOrgao"":""07"",""codUnidade"":""01"",""codFuncao"":""09"",""codSubFuncao"":""272"",""naturezaAcao"":""2"",""nroProjAtiv"":""008"",""elementoDespesa"":""319003"",""subElemento"":""01"",""contaDeb"":""nan"",""contaCred"":""nan"",""elementoDespesaMSC"":""nan"",""subElementoMSC"":""nan"",""nroEmpenho"":""000016"",""codFontRecursos"":""103000"",""codFontRecursosMSC"":""1800"",""poderOrgao"":""10132"",""codAEO"":""1111"",""vlRecurso"":""0000368923,71"",""nroSequencial"":""000101""}],""tipoOrgao"":""09""}",0125
184662,"{""tipoRegistro"":""10"",""codPrograma"":""4152"",""codOrgao"":""07"",""codUnidade"":""01"",""codFuncao"":""09"",""codSubFuncao"":""272"",""naturezaAcao"":""2"",""nroProjAtiv"":""008"",""elementoDespesa"":""319003"",""subElemento"":""01"",""nroEmpenho"":""000030"",""modalidadeLicitacao"":""00"",""fundamentacaoLegal"":""00"",""justificativaDispensaInexibilidade"":"""",""razaoEscolha"":"""",""nroProcLicitacao"":""00000000"",""anoProcLicitacao"":""0000"",""nroProcAdmCorrespondente"":""00000000000087562025"",""nroInstrumentoContrato"":""000"",""assunto"":""99"",""tpEmpenho"":""01"",""dtEmpenho"":""29012025"",""vlBruto"":""0000001303,98"",""nomeCredor"":""INSTITUTO DE PREVIDENCIA DO SERV  PUB  DE SENADOR"",""tipoCredor"":""2"",""cpfCnpj"":""04927847000177"",""especificacaoEmpenho"":""PROVENIENTE DESPESA COM 13º. SALÁRIO/2025 DA COMPETÊNCIA 01/2025 DOS PENSIONISTA (TEMPORÁRIO) DO SENAPREV."",""cpfRespEmpenho"":""35575859134"",""nomeRespEmpenho"":""ANA MARIA EMOS FERREIRA"",""idColare"":""000000016236481"",""nroSequencial"":""000102"",""content"":[{""tipoRegistro"":""11"",""codPrograma"":""4152"",""codOrgao"":""07"",""codUnidade"":""01"",""codFuncao"":""09"",""codSubFuncao"":""272"",""naturezaAcao"":""2"",""nroProjAtiv"":""008"",""elementoDespesa"":""319003"",""subElemento"":""01"",""contaDeb"":""nan"",""contaCred"":""nan"",""elementoDespesaMSC"":""nan"",""subElementoMSC"":""nan"",""nroEmpenho"":""000030"",""codFontRecursos"":""103000"",""codFontRecursosMSC"":""1800"",""poderOrgao"":""10132"",""codAEO"":""1111"",""vlRecurso"":""0000001303,98"",""nroSequencial"":""000103""}],""tipoOrgao"":""09""}",0125
184663,"{""tipoRegistro"":""10"",""codPrograma"":""4152"",""codOrgao"":""07"",""codUnidade"":""01"",""codFuncao"":""09"",""codSubFuncao"":""272"",""naturezaAcao"":""2"",""nroProjAtiv"":""008"",""elementoDespesa"":""319003"",""subElemento"":""01"",""nroEmpenho"":""000031"",""modalidadeLicitacao"":""00"",""fundamentacaoLegal"":""00"",""justificativaDispensaInexibilidade"":"""",""razaoEscolha"":"""",""nroProcLicitacao"":""00000000"",""anoProcLicitacao"":""0000"",""nroProcAdmCorrespondente"":""00000000000087562025"",""nroInstrumentoContrato"":""000"",""assunto"":""99"",""tpEmpenho"":""01"",""dtEmpenho"":""29012025"",""vlBruto"":""0000039328,18"",""nomeCredor"":""INSTITUTO DE PREVIDENCIA DO SERV  PUB  DE SENADOR"",""tipoCredor"":""2"",""cpfCnpj"":""04927847000177"",""especificacaoEmpenho"":""PROVENIENTE DESPESA COM 13º. SALÁRIO/2025 DA COMPETÊNCIA 01/2025 DOS PENSIONISTA DO SENAPREV."",""cpfRespEmpenho"":""35575859134"",""nomeRespEmpenho"":""ANA MARIA EMOS FERREIRA"",""idColare"":""000000016236481"",""nroSequencial"":""000104"",""content"":[{""tipoRegistro"":""11"",""codPrograma"":""4152"",""codOrgao"":""07"",""codUnidade"":""01"",""codFuncao"":""09"",""codSubFuncao"":""272"",""naturezaAcao"":""2"",""nroProjAtiv"":""008"",""elementoDespesa"":""319003"",""subElemento"":""01"",""contaDeb"":""nan"",""contaCred"":""nan"",""elementoDespesaMSC"":""nan"",""subElementoMSC"":""nan"",""nroEmpenho"":""000031"",""codFontRecursos"":""103000"",""codFontRecursosMSC"":""1800"",""poderOrgao"":""10132"",""codAEO"":""1111"",""vlRecurso"":""0000039328,18"",""nroSequencial"":""000105""}],""tipoOrgao"":""09""}",0125